City_ID,City,Country,Date,Lat,Lng,Max Temp,Humidity,Cloudiness,Wind Speed
0,Kendari,ID,2022-04-17 17:41:24,-3.945,122.4989,74.35,96,100,2.28
1,Nuuk,GL,2022-04-17 17:41:24,64.1835,-51.7216,29.01,80,100,15.01
2,Carnarvon,AU,2022-04-17 17:41:24,-24.8667,113.6333,68.07,88,100,14.97
3,Yar-Sale,RU,2022-04-17 17:41:25,66.8333,70.8333,13.06,94,86,7.76
4,Paamiut,GL,2022-04-17 17:41:25,61.994,-49.6678,29.41,77,100,3.91
5,Khatanga,RU,2022-04-17 17:41:26,71.9667,102.5,7.79,96,99,11.92
6,Hasaki,JP,2022-04-17 17:41:26,35.7333,140.8333,52.29,68,58,7.58
7,Busselton,AU,2022-04-17 17:41:26,-33.65,115.3333,57.72,64,43,2.24
8,Jamestown,US,2022-04-17 17:38:16,42.097,-79.2353,38.52,45,75,11.5
9,Acarau,BR,2022-04-17 17:41:27,-2.8856,-40.12,83.84,75,65,11.41
10,Castro,BR,2022-04-17 17:41:27,-24.7911,-50.0119,67.24,51,37,1.19
11,Pergamino,AR,2022-04-17 17:41:27,-33.89,-60.5736,71.19,38,36,7.0
12,East London,ZA,2022-04-17 17:41:28,-33.0153,27.9116,63.54,100,0,2.3
13,Galle,LK,2022-04-17 17:41:28,6.0367,80.217,81.91,77,84,5.39
14,Nome,US,2022-04-17 17:41:28,64.5011,-165.4064,30.27,80,100,19.57
15,Abu Samrah,SY,2022-04-17 17:41:29,35.3029,37.1841,72.68,18,100,13.27
16,Bluff,NZ,2022-04-17 17:41:29,-46.6,168.3333,36.81,84,4,6.2
17,Dikson,RU,2022-04-17 17:41:30,73.5069,80.5464,1.18,99,97,8.99
18,Puerto Madero,MX,2022-04-17 17:41:30,14.7208,-92.4215,87.49,63,69,13.4
19,Thunder Bay,CA,2022-04-17 17:40:25,48.4001,-89.3168,28.38,69,100,5.75
20,El Alto,PE,2022-04-17 17:41:30,-4.2714,-81.2147,74.86,66,27,16.53
21,Dandong,CN,2022-04-17 17:41:31,40.1292,124.3947,49.42,63,100,5.68
22,Vaini,TO,2022-04-17 17:41:03,-21.2,-175.2,77.16,94,75,4.61
23,Noyabrsk,RU,2022-04-17 17:41:31,63.1994,75.4507,11.14,94,96,4.97
24,Kodiak,US,2022-04-17 17:41:31,57.79,-152.4072,35.11,87,100,5.75
25,Bathsheba,BB,2022-04-17 17:41:32,13.2167,-59.5167,84.81,61,75,21.85
26,Paros,GR,2022-04-17 17:41:32,37.0833,25.15,65.62,67,40,11.5
27,Yaan,NG,2022-04-17 17:41:32,7.3833,8.5667,89.62,51,61,11.79
28,Rikitea,PF,2022-04-17 17:41:33,-23.1203,-134.9692,78.22,68,2,13.02
29,Cape Town,ZA,2022-04-17 17:40:39,-33.9258,18.4232,63.1,79,0,14.0
30,Ancud,CL,2022-04-17 17:41:33,-41.8697,-73.8203,63.23,71,100,5.77
31,Cockburn Town,TC,2022-04-17 17:41:33,21.4612,-71.1419,80.56,74,75,17.27
32,Butaritari,KI,2022-04-17 17:41:34,3.0707,172.7902,81.32,75,17,11.99
33,Nemuro,JP,2022-04-17 17:41:34,43.3236,145.575,38.93,90,95,7.36
34,Calama,CL,2022-04-17 17:38:34,-22.4667,-68.9333,72.09,3,0,13.8
35,Yichang,CN,2022-04-17 17:41:35,30.7144,111.2847,54.16,81,99,2.39
36,Inuvik,CA,2022-04-17 17:41:35,68.3499,-133.7218,16.66,42,75,9.22
37,Riyadh,SA,2022-04-17 17:39:07,24.6877,46.7219,82.54,13,0,11.34
38,Pevek,RU,2022-04-17 17:41:35,69.7008,170.3133,1.96,94,99,1.86
39,Salinopolis,BR,2022-04-17 17:37:41,-0.6136,-47.3561,81.19,83,97,7.83
40,Kavieng,PG,2022-04-17 17:41:36,-2.5744,150.7967,82.92,71,85,11.88
41,Punta Arenas,CL,2022-04-17 17:40:41,-53.15,-70.9167,46.51,87,75,4.61
42,Grootfontein,NA,2022-04-17 17:41:36,-19.5667,18.1167,69.37,73,77,2.3
43,La Asuncion,VE,2022-04-17 17:41:37,11.0333,-63.8628,83.93,70,92,19.57
44,Hobart,AU,2022-04-17 17:41:37,-42.8794,147.3294,60.03,80,100,3.44
45,Ahuimanu,US,2022-04-17 17:41:37,21.4447,-157.8378,75.36,77,20,13.8
46,Beruwala,LK,2022-04-17 17:41:38,6.4788,79.9828,81.34,80,88,3.96
47,Ushuaia,AR,2022-04-17 17:41:35,-54.8,-68.3,51.46,62,0,0.0
48,Nanortalik,GL,2022-04-17 17:42:38,60.1432,-45.2371,31.21,78,100,8.05
49,Avarua,CK,2022-04-17 17:42:38,-21.2078,-159.775,78.85,83,75,5.75
50,Kyaukse,MM,2022-04-17 17:42:39,21.6,96.1333,88.7,31,16,4.79
51,Port Elizabeth,ZA,2022-04-17 17:39:52,-33.918,25.5701,64.69,96,75,10.0
52,Sao Bernardo Do Campo,BR,2022-04-17 17:42:39,-23.6939,-46.565,69.71,63,75,12.66
53,Grand Gaube,MU,2022-04-17 17:42:40,-20.0064,57.6608,79.2,89,27,18.99
54,Hermanus,ZA,2022-04-17 17:42:40,-34.4187,19.2345,61.81,79,7,14.0
55,Kapaa,US,2022-04-17 17:39:25,22.0752,-159.319,73.72,90,75,18.41
56,Upernavik,GL,2022-04-17 17:38:42,72.7868,-56.1549,-3.55,81,98,16.15
57,Mayor Pablo Lagerenza,PY,2022-04-17 17:42:41,-19.9309,-60.7718,70.83,43,100,4.85
58,Hilo,US,2022-04-17 17:39:37,19.7297,-155.09,75.27,96,100,5.75
59,Yellowknife,CA,2022-04-17 17:42:41,62.456,-114.3525,12.72,48,20,10.36
60,Tautira,PF,2022-04-17 17:42:42,-17.7333,-149.15,80.6,74,41,14.05
61,Mataura,NZ,2022-04-17 17:42:42,-46.1927,168.8643,36.48,96,0,2.28
62,Faanui,PF,2022-04-17 17:42:42,-16.4833,-151.75,81.61,69,11,11.95
63,Hambantota,LK,2022-04-17 17:42:43,6.1241,81.1185,80.6,82,23,8.86
64,Kupang,ID,2022-04-17 17:42:43,-10.1667,123.5833,78.78,83,100,4.97
65,Los Llanos De Aridane,ES,2022-04-17 17:42:43,28.6585,-17.9182,67.75,73,0,16.11
66,Santa Cruz Cabralia,BR,2022-04-17 17:42:44,-16.2781,-39.0247,82.63,65,75,8.05
67,Hithadhoo,MV,2022-04-17 17:42:44,-0.6,73.0833,83.16,75,88,6.98
68,Sioux Lookout,CA,2022-04-17 17:37:51,50.1001,-91.917,28.47,50,75,2.3
69,Tommot,RU,2022-04-17 17:42:45,58.9564,126.2925,18.43,88,95,4.59
70,Cabo San Lucas,MX,2022-04-17 17:42:45,22.8909,-109.9124,90.7,47,91,6.8
71,Chokwe,MZ,2022-04-17 17:42:45,-24.5333,32.9833,66.33,92,92,9.35
72,Thompson,CA,2022-04-17 17:42:45,55.7435,-97.8558,26.76,39,75,3.44
73,Torbay,CA,2022-04-17 17:42:46,47.6666,-52.7314,42.76,90,100,29.93
74,Beringovskiy,RU,2022-04-17 17:42:46,63.05,179.3167,29.19,98,100,14.47
75,San Cristobal,VE,2022-04-17 17:38:04,7.7669,-72.225,68.18,93,100,2.33
76,Fort Wellington,GY,2022-04-17 17:42:47,6.4,-57.6,82.53,68,79,9.89
77,Turbat,PK,2022-04-17 17:42:47,26.0023,63.044,87.6,31,7,5.75
78,Wembley,AU,2022-04-17 17:42:47,-31.9333,115.8,55.69,76,0,6.91
79,Cidreira,BR,2022-04-17 17:42:48,-30.1811,-50.2056,69.75,60,86,8.77
80,Vredendal,ZA,2022-04-17 17:42:48,-31.6683,18.5012,70.47,34,0,9.31
81,Geraldton,AU,2022-04-17 17:42:48,-28.7667,114.6,57.61,72,31,12.66
82,Sakakah,SA,2022-04-17 17:42:49,29.9697,40.2064,81.97,9,4,10.89
83,Isangel,VU,2022-04-17 17:42:49,-19.55,169.2667,79.43,82,100,2.13
84,Bay Roberts,CA,2022-04-17 17:42:50,47.5999,-53.2648,43.52,85,93,17.96
85,Primorsk,UA,2022-04-17 17:42:50,46.7348,36.3443,50.2,74,100,5.32
86,Portland,US,2022-04-17 17:41:08,45.5234,-122.6762,52.29,66,75,5.99
87,Vardo,NO,2022-04-17 17:37:54,70.3705,31.1107,35.58,93,75,9.22
88,Yumen,CN,2022-04-17 17:42:51,40.2833,97.2,46.09,22,0,8.79
89,Harper,LR,2022-04-17 17:42:51,4.375,-7.7169,77.31,84,100,4.7
90,Andenes,NO,2022-04-17 17:42:51,69.3143,16.1194,42.78,87,100,10.36
91,Kalamnuri,IN,2022-04-17 17:42:52,19.6667,77.3333,90.93,14,0,4.59
92,Auki,SB,2022-04-17 17:42:52,-8.7676,160.7034,76.93,86,99,4.43
93,Ribeira Grande,PT,2022-04-17 17:42:53,38.5167,-28.7,63.0,59,20,18.41
94,Genhe,CN,2022-04-17 17:43:53,50.7833,121.5167,26.46,53,79,3.44
95,Lavrentiya,RU,2022-04-17 17:43:53,65.5833,-171.0,28.63,97,100,14.52
96,Tazmalt,DZ,2022-04-17 17:43:54,36.3868,4.3989,61.75,61,0,6.8
97,Kalmunai,LK,2022-04-17 17:43:54,7.4167,81.8167,79.54,85,56,9.31
98,Buraydah,SA,2022-04-17 17:43:54,26.326,43.975,84.65,11,0,13.51
99,Leh,IN,2022-04-17 17:43:54,34.1667,77.5833,40.14,35,58,4.54
100,Yeppoon,AU,2022-04-17 17:43:55,-23.1333,150.7333,65.98,84,24,11.03
101,Bambous Virieux,MU,2022-04-17 17:43:55,-20.3428,57.7575,79.05,94,75,3.44
102,Tual,ID,2022-04-17 17:43:56,-5.6667,132.75,83.3,76,100,10.13
103,Tasiilaq,GL,2022-04-17 17:43:56,65.6145,-37.6368,35.76,99,100,8.57
104,Suzun,RU,2022-04-17 17:43:56,53.7841,82.3116,50.59,72,98,5.28
105,Coihaique,CL,2022-04-17 17:43:57,-45.5752,-72.0662,52.41,76,0,2.3
106,Ostrovnoy,RU,2022-04-17 17:43:57,68.0531,39.5131,33.89,91,100,18.16
107,Bethlehem,BR,2022-04-17 17:43:57,-1.4558,-48.5044,78.84,89,40,8.05
108,Pimentel,PE,2022-04-17 17:43:58,-6.8367,-79.9342,73.69,64,0,16.11
109,Katobu,ID,2022-04-17 17:43:58,-4.9408,122.5276,75.02,95,100,1.52
110,Kavaratti,IN,2022-04-17 17:43:58,10.5669,72.642,84.67,71,14,6.15
111,Springdale,US,2022-04-17 17:39:18,36.1867,-94.1288,55.13,80,100,11.5
112,Celestun,MX,2022-04-17 17:43:59,20.8667,-90.4,89.71,49,1,6.64
113,Tilichiki,RU,2022-04-17 17:43:59,60.4667,166.1,11.37,98,65,6.38
114,Starosubkhangulovo,RU,2022-04-17 17:43:59,53.1031,57.4423,40.78,84,72,1.23
115,Buta,CD,2022-04-17 17:44:00,2.7858,24.73,79.03,64,88,2.71
116,Port Alfred,ZA,2022-04-17 17:44:00,-33.5906,26.891,66.45,81,94,6.44
117,Aklavik,CA,2022-04-17 17:44:00,68.2191,-135.0107,12.2,48,75,9.22
118,Korla,CN,2022-04-17 17:44:01,41.7597,86.1469,57.22,14,1,3.71
119,Saint-Philippe,RE,2022-04-17 17:43:35,-21.3585,55.7679,78.39,89,38,12.46
120,Oranjemund,NA,2022-04-17 17:44:01,-28.55,16.4333,61.83,70,0,9.24
121,Barrow,US,2022-04-17 17:44:02,71.2906,-156.7887,-7.58,84,0,10.36
122,Rincon,US,2022-04-17 17:39:22,32.296,-81.2354,85.86,45,40,11.5
123,Husavik,IS,2022-04-17 17:44:02,66.0449,-17.3389,40.98,97,100,3.24
124,Guerrero Negro,MX,2022-04-17 17:44:02,27.9769,-114.0611,68.5,57,64,17.11
125,Waingapu,ID,2022-04-17 17:44:03,-9.6567,120.2641,79.27,86,98,3.67
126,Rawson,AR,2022-04-17 17:44:03,-43.3002,-65.1023,66.36,56,10,24.7
127,Bloomingdale,US,2022-04-17 17:44:04,27.8936,-82.2404,91.06,61,75,5.01
128,Tuktoyaktuk,CA,2022-04-17 17:44:04,69.4541,-133.0374,6.8,61,75,8.05
129,Albany,US,2022-04-17 17:41:26,42.6001,-73.9662,43.29,67,78,4.0
130,Pochutla,MX,2022-04-17 17:44:04,15.7432,-96.4661,91.81,40,59,9.48
131,Chokurdakh,RU,2022-04-17 17:44:06,70.6333,147.9167,-9.42,100,63,3.94
132,Brandon,US,2022-04-17 17:43:44,27.9378,-82.2859,91.08,62,75,5.01
133,Mount Gambier,AU,2022-04-17 17:44:06,-37.8333,140.7667,57.11,100,100,8.05
134,Esil,KZ,2022-04-17 17:44:06,51.9556,66.4042,53.58,51,100,11.92
135,Cherskiy,RU,2022-04-17 17:42:23,68.75,161.3,-3.21,100,100,3.06
136,Atuona,PF,2022-04-17 17:42:25,-9.8,-139.0333,79.38,80,39,18.21
137,Kaitangata,NZ,2022-04-17 17:44:07,-46.2817,169.8464,42.58,93,5,4.07
138,Clyde River,CA,2022-04-17 17:44:07,70.4692,-68.5914,-9.17,77,75,11.5
139,Taoudenni,ML,2022-04-17 17:44:07,22.6783,-3.9836,88.12,16,0,15.1
140,Ailigandi,PA,2022-04-17 17:44:08,9.2333,-78.0167,82.62,75,100,7.07
141,Gizo,SB,2022-04-17 17:45:08,-8.103,156.8419,81.12,76,99,9.82
142,Caravelas,BR,2022-04-17 17:45:09,-17.7125,-39.2481,77.61,68,100,11.36
143,Karratha,AU,2022-04-17 17:45:09,-20.7377,116.8463,84.72,43,20,3.18
144,Norman Wells,CA,2022-04-17 17:45:10,65.282,-126.8329,5.04,56,20,5.75
145,Tocopilla,CL,2022-04-17 17:45:10,-22.092,-70.1979,68.61,69,9,9.08
146,Wanaka,NZ,2022-04-17 17:44:20,-44.7,169.15,40.1,93,0,1.01
147,Fairbanks,US,2022-04-17 17:41:07,64.8378,-147.7164,27.82,34,0,10.36
148,Bethel,US,2022-04-17 17:45:11,41.3712,-73.414,49.15,43,75,11.5
149,Coos Bay,US,2022-04-17 17:45:11,43.3665,-124.2179,49.23,88,0,8.05
150,Qeshm,IR,2022-04-17 17:45:11,26.9581,56.2719,82.29,45,2,27.96
151,Lebu,CL,2022-04-17 17:45:12,-37.6167,-73.65,59.04,77,100,10.31
152,Ghanzi,BW,2022-04-17 17:45:12,-21.5667,21.7833,68.88,72,98,8.32
153,Khartoum,SD,2022-04-17 17:40:45,15.5518,32.5324,95.02,22,51,1.88
154,Qaanaaq,GL,2022-04-17 17:45:13,77.484,-69.3632,-10.84,71,6,1.61
155,Cayenne,GF,2022-04-17 17:45:13,4.9333,-52.3333,86.04,9,75,12.66
156,Tuatapere,NZ,2022-04-17 17:45:13,-46.1333,167.6833,44.11,92,1,4.41
157,The Colony,US,2022-04-17 17:42:07,33.089,-96.8864,70.48,64,100,9.22
158,Tongchuan,CN,2022-04-17 17:45:14,35.0806,109.0897,49.96,31,100,11.16
159,Maningrida,AU,2022-04-17 17:45:14,-12.0667,134.2667,74.46,91,99,8.46
160,Vila Velha,BR,2022-04-17 17:42:40,-20.3297,-40.2925,82.35,61,0,18.41
161,Tiksi,RU,2022-04-17 17:45:15,71.6872,128.8694,-8.84,98,45,1.95
162,Birjand,IR,2022-04-17 17:45:15,32.8663,59.2211,61.27,63,75,24.16
163,Port Augusta,AU,2022-04-17 17:45:16,-32.5,137.7667,65.88,75,100,17.4
164,Saint-Joseph,RE,2022-04-17 17:45:16,-21.3667,55.6167,77.38,86,23,12.97
165,Fortuna,US,2022-04-17 17:45:17,40.5982,-124.1573,51.98,73,0,0.0
166,Sargur,IN,2022-04-17 17:45:17,11.9833,76.4167,76.51,74,37,3.33
167,Georgetown,MY,2022-04-17 17:42:22,5.4112,100.3354,82.33,89,20,3.44
168,Puerto Ayora,EC,2022-04-17 17:45:17,-0.7393,-90.3518,78.76,84,90,9.48
169,Ushtobe,KZ,2022-04-17 17:45:18,45.2514,77.9838,64.81,17,57,7.65
170,Verkhnevilyuysk,RU,2022-04-17 17:45:18,63.4453,120.3167,29.89,96,100,11.48
171,Novobirilyussy,RU,2022-04-17 17:45:19,56.9514,90.6661,42.57,96,81,5.93
172,Khanpur,PK,2022-04-17 17:45:19,28.6453,70.6567,94.98,16,73,14.43
173,Disna,BY,2022-04-17 17:45:19,55.568,28.1971,35.96,64,70,7.02
174,San Lorenzo,PY,2022-04-17 17:42:57,-25.3333,-57.5333,77.94,50,20,9.22
175,Lorengau,PG,2022-04-17 17:45:20,-2.0226,147.2712,81.18,81,58,5.39
176,Klaksvik,FO,2022-04-17 17:45:20,62.2266,-6.589,49.12,96,100,11.74
177,Barcelos,PT,2022-04-17 17:42:09,41.5388,-8.6151,75.92,67,79,11.81
178,Regina,CA,2022-04-17 17:43:58,50.4501,-104.6178,26.58,67,75,5.01
179,Eenhana,NA,2022-04-17 17:45:21,-17.4667,16.3333,73.94,60,93,4.38
180,Margate,GB,2022-04-17 17:42:27,51.3813,1.3862,56.88,69,79,3.0
181,Nikolskoye,RU,2022-04-17 17:42:29,59.7035,30.7861,40.89,76,78,3.71
182,Salalah,OM,2022-04-17 17:45:21,17.0151,54.0924,82.49,83,20,6.91
183,Rantepao,ID,2022-04-17 17:45:22,-2.9701,119.8978,68.07,98,100,2.39
184,Lagoa,PT,2022-04-17 17:45:22,39.05,-27.9833,57.63,69,18,14.7
185,Hamilton,US,2022-04-17 17:44:13,39.1834,-84.5333,49.98,44,0,10.36
186,Dingle,PH,2022-04-17 17:45:22,10.9995,122.6711,76.03,90,61,7.25
187,Nantucket,US,2022-04-17 17:46:23,41.2835,-70.0995,51.94,63,0,19.57
188,Livingston,GB,2022-04-17 17:46:23,55.9029,-3.5226,62.96,49,0,12.66
189,Manokwari,ID,2022-04-17 17:46:24,-0.8667,134.0833,78.26,80,84,4.47
190,Iqaluit,CA,2022-04-17 17:46:24,63.7506,-68.5145,-2.31,64,75,21.85
191,Kahului,US,2022-04-17 17:44:54,20.8947,-156.47,74.84,76,40,9.22
192,Longyearbyen,SJ,2022-04-17 17:42:12,78.2186,15.6401,21.04,86,100,9.22
193,Mahebourg,MU,2022-04-17 17:45:49,-20.4081,57.7,79.09,94,75,3.44
194,Polistena,IT,2022-04-17 17:46:25,38.406,16.08,51.01,96,100,1.21
195,Bredasdorp,ZA,2022-04-17 17:46:25,-34.5322,20.0403,59.4,92,4,5.73
196,Papetoai,PF,2022-04-17 17:46:26,-17.4961,-149.8729,80.19,73,12,13.29
197,Rorvik,NO,2022-04-17 17:46:26,64.8621,11.2373,55.51,44,0,4.61
198,Mar Del Plata,AR,2022-04-17 17:42:24,-38.0023,-57.5575,69.82,81,40,9.22
199,Esperance,AU,2022-04-17 17:46:26,-33.8667,121.9,51.64,65,57,10.4
200,Homer,US,2022-04-17 17:46:27,59.6425,-151.5483,39.09,81,100,4.61
201,Sao Filipe,CV,2022-04-17 17:46:27,14.8961,-24.4956,72.03,77,33,14.25
202,Fort Nelson,CA,2022-04-17 17:46:27,58.8053,-122.7002,11.79,73,100,9.22
203,Jumla,NP,2022-04-17 17:46:28,29.2747,82.1838,50.63,59,36,4.07
204,Junin,AR,2022-04-17 17:44:24,-34.5838,-60.9433,72.55,41,32,8.1
205,Sobolevo,RU,2022-04-17 17:46:28,54.4299,31.8996,35.8,74,100,13.24
206,Leningradskiy,RU,2022-04-17 17:46:29,69.3833,178.4167,0.5,94,40,3.27
207,San Quintin,MX,2022-04-17 17:46:29,30.4833,-115.95,66.07,59,0,16.24
208,Coolum Beach,AU,2022-04-17 17:46:29,-26.5333,153.1,66.11,87,83,7.81
209,Gobabis,NA,2022-04-17 17:43:25,-22.45,18.9667,75.13,43,86,7.58
210,Airai,TL,2022-04-17 17:46:30,-8.9266,125.4092,59.95,90,100,2.15
211,Mount Isa,AU,2022-04-17 17:43:44,-20.7333,139.5,62.37,51,0,0.0
212,Carroll,US,2022-04-17 17:46:30,39.5501,-77.0164,53.22,42,75,10.0
213,Pemangkat,ID,2022-04-17 17:46:31,1.1667,108.9667,79.16,86,92,6.91
214,Dashitou,CN,2022-04-17 17:46:31,43.3067,128.5114,38.7,45,100,1.52
215,Bozhou,CN,2022-04-17 17:46:31,33.8772,115.7703,53.37,44,99,7.52
216,Mungwi,ZM,2022-04-17 17:46:32,-10.1732,31.3694,62.65,97,38,4.32
217,Miles City,US,2022-04-17 17:46:32,46.4083,-105.8406,31.17,69,100,23.02
218,Kannangad,IN,2022-04-17 17:46:33,12.3081,75.1063,80.67,81,31,2.98
219,Aksu,CN,2022-04-17 17:46:33,41.1231,80.2644,60.12,15,34,7.61
220,Minot,US,2022-04-17 17:46:34,48.2325,-101.2963,21.42,86,100,14.97
221,Huangmei,CN,2022-04-17 17:46:34,30.1924,116.025,56.07,86,100,4.79
222,Bandarbeyla,SO,2022-04-17 17:46:34,9.4942,50.8122,82.53,78,58,8.86
223,Saint Anthony,US,2022-04-17 17:45:25,45.0205,-93.218,45.66,44,100,17.27
224,Manaus,BR,2022-04-17 17:46:35,-3.1019,-60.025,81.1,89,75,4.61
225,Timiryazevskiy,RU,2022-04-17 17:46:35,56.49,84.8769,47.35,65,65,5.35
226,College,US,2022-04-17 17:46:19,64.8569,-147.8028,27.21,36,20,10.36
227,Qandala,SO,2022-04-17 17:47:36,11.472,49.8728,85.78,63,29,5.66
228,Vestmannaeyjar,IS,2022-04-17 17:43:32,63.4427,-20.2734,43.7,68,55,5.64
229,Ponta Do Sol,PT,2022-04-17 17:47:36,32.6667,-17.1,74.12,40,100,11.41
230,Monte Alegre De Minas,BR,2022-04-17 17:47:37,-18.8706,-48.8808,82.78,39,0,4.47
231,Pingzhuang,CN,2022-04-17 17:47:37,42.0372,119.2889,46.35,48,76,5.35
232,Athol,US,2022-04-17 17:45:24,42.5959,-72.2268,45.32,62,84,12.75
233,Te Anau,NZ,2022-04-17 17:47:38,-45.4167,167.7167,44.85,92,29,1.59
234,Baghdad,IQ,2022-04-17 17:46:11,33.3406,44.4009,76.91,14,0,6.91
235,Talas,TR,2022-04-17 17:47:38,38.6908,35.5538,59.67,41,75,4.61
236,Vermilion,US,2022-04-17 17:45:25,40.1667,-87.7506,48.54,43,0,8.05
237,Dickinson,US,2022-04-17 17:47:39,29.4608,-95.0513,88.05,75,75,10.36
238,Albstadt,DE,2022-04-17 17:47:39,48.2164,9.026,47.01,68,56,9.26
239,Buala,SB,2022-04-17 17:45:59,-8.145,159.5921,79.48,81,98,6.8
240,Hami,CN,2022-04-17 17:47:40,42.8,93.45,56.16,18,0,6.8
241,San Carlos De Bariloche,AR,2022-04-17 17:47:40,-41.1456,-71.3082,60.55,51,75,3.44
242,Manicore,BR,2022-04-17 17:47:40,-5.8092,-61.3003,81.1,86,97,1.88
243,Mamit,IN,2022-04-17 17:47:40,23.9333,92.4833,63.7,96,72,2.71
244,Trincomalee,LK,2022-04-17 17:47:41,8.5711,81.2335,81.19,80,31,8.57
245,Voh,NC,2022-04-17 17:47:41,-20.9667,164.7,69.73,82,55,2.68
246,Biak,ID,2022-04-17 17:47:42,-0.9131,122.8766,75.6,81,97,2.98
247,Arraial Do Cabo,BR,2022-04-17 17:46:42,-22.9661,-42.0278,76.96,65,75,10.36
248,Moerai,PF,2022-04-17 17:47:42,-22.4333,-151.3333,78.89,72,63,0.96
249,San Borja,BO,2022-04-17 17:47:42,-14.8167,-66.85,83.16,46,41,5.77
250,Baykit,RU,2022-04-17 17:47:43,61.67,96.37,29.1,86,92,10.83
251,Vanimo,PG,2022-04-17 17:47:43,-2.6741,141.3028,78.01,88,93,1.39
252,Itarema,BR,2022-04-17 17:47:43,-2.9248,-39.9167,84.0,73,63,10.67
253,Angoche,MZ,2022-04-17 17:47:44,-16.2325,39.9086,80.89,77,71,12.41
254,Nivala,FI,2022-04-17 17:47:44,63.9167,24.9667,37.63,95,43,3.15
255,Sitka,US,2022-04-17 17:45:30,57.0531,-135.33,42.69,56,75,3.44
256,Kokopo,PG,2022-04-17 17:47:45,-4.352,152.2633,77.4,86,99,3.67
257,Baoying,CN,2022-04-17 17:47:45,33.2292,119.3092,52.38,57,100,5.79
258,Petropavlovsk-Kamchatskiy,RU,2022-04-17 17:47:45,53.0452,158.6483,21.79,93,0,2.24
259,Troitskoye,RU,2022-04-17 17:47:46,52.9821,84.6757,52.68,48,100,7.02
260,Guilin,CN,2022-04-17 17:47:46,25.2819,110.2864,55.51,91,100,4.25
261,Lebedyn,UA,2022-04-17 17:47:47,50.5852,34.4849,39.11,87,100,4.65
262,Vaitape,PF,2022-04-17 17:47:47,-16.5167,-151.75,81.61,69,12,11.83
263,Ahipara,NZ,2022-04-17 17:47:47,-35.1667,173.1667,68.05,93,100,15.52
264,Dunedin,NZ,2022-04-17 17:47:48,-45.8742,170.5036,52.81,70,6,3.0
265,Rio Gallegos,AR,2022-04-17 17:47:48,-51.6226,-69.2181,59.05,41,0,13.8
266,Rujiena,LV,2022-04-17 17:47:49,57.8975,25.3316,42.06,66,79,2.57
267,Danilovka,RU,2022-04-17 17:47:49,50.3557,44.1168,56.5,63,100,6.17
268,Sabha,LY,2022-04-17 17:47:50,27.0377,14.4283,71.55,26,71,9.66
269,Coquimbo,CL,2022-04-17 17:47:50,-29.9533,-71.3436,62.33,72,20,10.36
270,Saskylakh,RU,2022-04-17 17:47:51,71.9167,114.0833,27.1,96,100,17.13
271,Arzignano,IT,2022-04-17 17:48:51,45.5193,11.3386,58.44,54,77,4.0
272,Hualmay,PE,2022-04-17 17:46:04,-11.0964,-77.6139,71.69,72,37,10.45
273,Victoria,HK,2022-04-17 17:45:11,22.2855,114.1577,73.18,78,99,5.01
274,Vila,PT,2022-04-17 17:48:51,42.0304,-8.1588,63.7,49,76,6.58
275,Kloulklubed,PW,2022-04-17 17:48:52,7.0419,134.2556,73.9,71,86,2.06
276,Menongue,AO,2022-04-17 17:48:52,-14.6585,17.691,64.81,91,59,3.85
277,Sindor,RU,2022-04-17 17:48:52,62.8629,51.8905,29.73,91,75,6.71
278,Havoysund,NO,2022-04-17 17:48:53,70.9963,24.6622,41.23,95,100,26.13
279,Rigaud,CA,2022-04-17 17:48:53,45.4793,-74.3024,44.35,49,72,18.05
280,Xunchang,CN,2022-04-17 17:48:53,28.4543,104.715,50.79,95,100,1.21
281,Grindavik,IS,2022-04-17 17:48:54,63.8424,-22.4338,46.35,61,75,11.5
282,Paka,MY,2022-04-17 17:48:54,4.6374,103.4368,80.53,94,87,0.0
283,Christchurch,NZ,2022-04-17 17:44:41,-43.5333,172.6333,54.91,83,80,6.91
284,Chengam,IN,2022-04-17 17:48:54,12.3,78.8,82.29,69,96,2.57
285,Yarada,IN,2022-04-17 17:48:55,17.65,83.2667,84.52,84,75,2.3
286,Laguna,US,2022-04-17 17:48:55,38.421,-121.4238,63.79,60,0,6.91
287,Erenhot,CN,2022-04-17 17:48:56,43.6475,111.9767,44.83,28,0,8.5
288,Sawtell,AU,2022-04-17 17:48:56,-30.3833,153.1,62.62,94,100,0.0
289,Tezu,IN,2022-04-17 17:45:11,27.9167,96.1667,63.21,94,100,8.12
290,Lata,PT,2022-04-17 17:48:57,40.1629,-8.3327,65.03,66,98,6.55
291,Chuy,UY,2022-04-17 17:48:57,-33.6971,-53.4616,69.75,54,94,10.02
292,Alappuzha,IN,2022-04-17 17:48:57,9.49,76.3264,82.36,77,72,3.02
293,Port-Gentil,GA,2022-04-17 17:48:58,-0.7193,8.7815,82.36,83,75,4.61
294,North Myrtle Beach,US,2022-04-17 17:48:58,33.816,-78.68,81.28,68,40,5.75
295,Bereda,ES,2022-04-17 17:48:58,43.2686,-7.5406,62.42,79,64,6.17
296,Pangoa,PE,2022-04-17 17:48:59,-12.1167,-73.0,81.25,60,82,2.59
297,Namatanai,PG,2022-04-17 17:48:39,-3.6667,152.4333,80.74,77,99,8.37
298,Narsaq,GL,2022-04-17 17:46:09,60.9167,-46.05,35.82,77,100,3.83
299,Zaysan,KZ,2022-04-17 17:48:59,47.4667,84.8667,53.55,20,3,6.17
300,Mbuguni,TZ,2022-04-17 17:49:00,-3.5667,36.95,69.75,87,92,5.7
301,New Norfolk,AU,2022-04-17 17:45:59,-42.7826,147.0587,59.67,62,100,0.56
302,Meulaboh,ID,2022-04-17 17:49:00,4.1363,96.1285,78.71,86,96,3.58
303,Mabamba,TZ,2022-04-17 17:49:00,-3.5983,30.5019,64.81,94,68,1.34
304,Prieska,ZA,2022-04-17 17:49:01,-29.6641,22.7474,68.45,44,66,7.61
305,Houffalize,BE,2022-04-17 17:49:01,50.1332,5.7889,59.76,66,0,6.42
306,Agirish,RU,2022-04-17 17:49:02,61.9247,63.0231,23.97,90,69,6.93
307,Channel-Port Aux Basques,CA,2022-04-17 17:49:02,47.5702,-59.1367,39.67,99,91,13.58
308,Talnakh,RU,2022-04-17 17:49:02,69.4865,88.3972,7.21,97,100,7.11
309,Provideniya,RU,2022-04-17 17:49:03,64.3833,-173.3,29.7,96,100,16.15
310,Ulaanbaatar,MN,2022-04-17 17:49:03,47.9077,106.8832,26.73,68,0,2.24
311,Buchanan,LR,2022-04-17 17:49:03,5.8808,-10.0467,79.95,77,100,6.49
312,Jose De Freitas,BR,2022-04-17 17:49:04,-4.7564,-42.5756,86.95,73,100,1.43
313,Niamey,NE,2022-04-17 17:46:16,13.5137,2.1098,100.69,8,74,16.11
314,Avera,US,2022-04-17 17:49:04,33.194,-82.5271,78.31,48,66,0.56
315,Zhigansk,RU,2022-04-17 17:49:04,66.7697,123.3711,26.01,84,100,30.09
316,Metro,ID,2022-04-17 17:50:05,-5.1131,105.3067,75.49,88,31,1.25
317,Teknaf,BD,2022-04-17 17:50:05,20.8624,92.3058,79.86,89,8,2.37
318,Pangnirtung,CA,2022-04-17 17:47:17,66.1451,-65.7125,6.8,85,100,6.91
319,Severo-Kurilsk,RU,2022-04-17 17:50:06,50.6789,156.125,28.53,80,41,10.65
320,Raga,SS,2022-04-17 17:50:07,8.4596,25.678,88.59,33,66,4.43
321,Copparo,IT,2022-04-17 17:50:07,44.893,11.8249,59.04,33,0,5.75
322,Pundaguitan,PH,2022-04-17 17:50:08,6.3711,126.1689,80.85,76,94,3.4
323,Akyab,MM,2022-04-17 17:50:08,20.15,92.9,81.91,85,11,3.91
324,Tecpan,GT,2022-04-17 17:50:09,14.7623,-90.9947,72.9,18,19,3.18
325,Codrington,AU,2022-04-17 17:50:09,-38.2667,141.9667,55.85,95,100,5.1
326,Lompoc,US,2022-04-17 17:50:10,34.6391,-120.4579,64.85,82,100,12.66
327,Nizwa,OM,2022-04-17 17:50:10,22.9333,57.5333,88.29,20,85,3.53
328,Taltal,CL,2022-04-17 17:49:48,-25.4,-70.4833,66.2,69,3,7.67
329,Comodoro Rivadavia,AR,2022-04-17 17:46:06,-45.8667,-67.5,69.66,37,0,14.97
330,Acari,PE,2022-04-17 17:50:11,-15.4311,-74.6158,79.38,50,63,10.89
331,Kaspiysk,RU,2022-04-17 17:50:11,42.8816,47.6392,48.38,87,2,7.0
332,Aleksandrov Gay,RU,2022-04-17 17:50:11,50.147,48.5704,55.6,66,100,4.65
333,Souillac,MU,2022-04-17 17:50:12,-20.5167,57.5167,79.18,94,75,3.44
334,Bilibino,RU,2022-04-17 17:50:12,68.0546,166.4372,12.58,96,100,2.19
335,Praia,CV,2022-04-17 17:50:13,14.9215,-23.5087,79.34,57,20,18.41
336,Wilmington,US,2022-04-17 17:48:48,34.2257,-77.9447,75.94,71,75,17.27
337,Saldanha,ZA,2022-04-17 17:48:06,-33.0117,17.9442,66.25,82,1,13.2
338,Kaeo,NZ,2022-04-17 17:50:13,-35.1,173.7833,65.32,97,100,16.8
339,Sola,VU,2022-04-17 17:50:13,-13.8833,167.55,81.46,73,89,4.41
340,Camacha,PT,2022-04-17 17:50:14,33.0833,-16.3333,63.82,72,20,16.11
341,Komsomolskiy,UZ,2022-04-17 17:50:14,40.4272,71.7189,66.92,39,31,6.91
342,Winnemucca,US,2022-04-17 17:50:14,40.973,-117.7357,51.85,40,0,0.0
343,Aripuana,BR,2022-04-17 17:45:26,-9.1667,-60.6333,79.57,89,99,2.62
344,Askiz,RU,2022-04-17 17:50:15,53.1319,90.5264,53.58,66,97,6.46
345,Banda Aceh,ID,2022-04-17 17:50:15,5.5577,95.3222,79.79,78,68,5.06
346,Navalmoral De La Mata,ES,2022-04-17 17:50:15,39.8916,-5.5406,72.1,59,100,4.79
347,Bengkulu,ID,2022-04-17 17:48:01,-3.8004,102.2655,77.02,90,47,3.65
348,Hovd,MN,2022-04-17 17:50:16,48.0056,91.6419,44.76,25,0,3.51
349,Svetlogorsk,BY,2022-04-17 17:50:16,52.6333,29.7333,36.97,64,100,10.67
350,Palembang,ID,2022-04-17 17:50:17,-2.9167,104.7458,78.89,94,75,3.44
351,Nyurba,RU,2022-04-17 17:50:17,63.2842,118.3319,32.86,98,100,10.56
352,Carutapera,BR,2022-04-17 17:50:17,-1.195,-46.02,83.39,74,71,5.93
353,Seljord,NO,2022-04-17 17:50:18,59.4894,8.634,56.41,70,93,2.3
354,Prince Rupert,CA,2022-04-17 17:50:18,54.3161,-130.3201,44.69,53,0,10.36
355,Kuching,MY,2022-04-17 17:50:18,1.55,110.3333,79.02,94,20,3.0
356,Conceicao Do Araguaia,BR,2022-04-17 17:50:19,-8.2578,-49.2647,82.38,74,98,5.26
357,Mingguang,CN,2022-04-17 17:50:19,32.7802,117.9638,57.33,54,100,6.89
358,Puerto Madryn,AR,2022-04-17 17:50:19,-42.7692,-65.0385,64.96,60,13,22.19
359,Milkovo,RU,2022-04-17 17:50:20,54.7167,158.6167,23.74,88,100,2.42
360,Muros,ES,2022-04-17 17:51:20,42.7762,-9.0603,69.67,73,35,13.87
361,Tawang,IN,2022-04-17 17:51:20,27.5833,91.8667,43.5,89,69,2.48
362,Lukuledi,TZ,2022-04-17 17:51:21,-10.5667,38.8,71.51,97,12,2.62
363,Haines Junction,CA,2022-04-17 17:51:21,60.7522,-137.5108,26.55,46,94,2.3
364,Kandrian,PG,2022-04-17 17:51:21,-6.2167,149.55,77.47,88,100,4.9
365,Ustye,RU,2022-04-17 17:51:22,59.6304,39.736,30.99,92,90,3.2
366,Weiser,US,2022-04-17 17:51:22,44.251,-116.9693,45.86,63,98,3.51
367,Luau,AO,2022-04-17 17:51:22,-10.7073,22.2247,67.42,92,86,2.17
368,Palau,PW,2022-04-17 17:51:23,7.503,134.621,73.36,100,75,0.0
369,Mayya,RU,2022-04-17 17:51:23,61.7333,130.2811,20.52,87,32,6.31
370,Kijang,KR,2022-04-17 17:51:23,35.2442,129.2139,51.53,37,100,4.5
371,Chenghai,CN,2022-04-17 17:51:24,23.4632,116.768,66.11,68,75,6.71
372,Amalapuram,IN,2022-04-17 17:51:24,16.5833,82.0167,75.09,71,57,5.39
373,Trairi,BR,2022-04-17 17:51:24,-3.2778,-39.2689,83.89,73,77,8.57
374,Vikulovo,RU,2022-04-17 17:51:25,56.8167,70.6107,35.2,81,43,7.02
375,Sadove,UA,2022-04-17 17:51:25,46.2487,30.1795,47.16,49,100,13.31
376,Beloha,MG,2022-04-17 17:51:25,-25.1667,45.05,73.8,84,55,13.8
377,Sovetskiy,RU,2022-04-17 17:51:26,61.3614,63.5842,22.98,92,37,4.72
378,Santa Isabel Do Rio Negro,BR,2022-04-17 17:51:26,-0.4139,-65.0192,90.63,52,88,4.56
379,Ulladulla,AU,2022-04-17 17:51:26,-35.35,150.4667,56.3,73,89,7.14
380,Maceio,BR,2022-04-17 17:51:11,-9.6658,-35.7353,85.44,70,75,11.5
381,Beroroha,MG,2022-04-17 17:51:27,-21.6667,45.1667,80.33,52,23,3.98
382,Saint George,US,2022-04-17 17:51:27,37.1041,-113.5841,72.63,22,0,1.99
383,Port Blair,IN,2022-04-17 17:47:56,11.6667,92.75,80.64,89,20,2.3
384,Hirara,JP,2022-04-17 17:51:27,24.8,125.2833,70.56,68,66,9.73
385,Awbari,LY,2022-04-17 17:51:28,26.5921,12.7805,69.8,28,85,8.52
386,Bilma,NE,2022-04-17 17:51:28,18.6853,12.9164,90.01,7,37,8.08
387,Bitung,ID,2022-04-17 17:51:29,1.4451,125.1824,76.05,82,100,4.03
388,Kindia,GN,2022-04-17 17:51:29,10.0569,-12.8658,95.58,25,48,6.98
389,Grafton,US,2022-04-17 17:51:29,42.207,-71.6856,46.51,52,75,18.41
390,Qiongshan,CN,2022-04-17 17:51:29,20.0058,110.3542,75.18,94,75,11.18
391,Padang,ID,2022-04-17 17:51:30,-0.9492,100.3543,78.6,90,97,3.51
392,Raahe,FI,2022-04-17 17:51:30,64.6833,24.4833,37.49,96,86,5.79
393,Honningsvag,NO,2022-04-17 17:51:30,70.9821,25.9704,40.75,93,100,27.63
394,Saint-Francois,FR,2022-04-17 17:50:25,46.4154,3.9054,63.84,39,0,5.75
395,Saint-Tite,CA,2022-04-17 17:51:31,46.7334,-72.5658,43.02,67,75,10.16
396,Port Lincoln,AU,2022-04-17 17:46:36,-34.7333,135.8667,61.75,78,100,10.78
397,Casper,US,2022-04-17 17:50:10,42.8666,-106.3131,46.72,40,0,20.71
398,Pestravka,RU,2022-04-17 17:51:31,52.405,49.9583,53.28,74,84,4.34
399,Henties Bay,NA,2022-04-17 17:51:32,-22.116,14.2845,63.0,76,21,8.52
400,Neulengbach,AT,2022-04-17 17:51:32,48.1974,15.9022,53.58,57,41,1.19
401,Kilgore,US,2022-04-17 17:49:14,32.3863,-94.8758,77.14,88,100,0.0
402,Turkan,AZ,2022-04-17 17:51:32,40.3639,50.215,53.78,82,0,9.22
403,Rock Sound,BS,2022-04-17 17:51:33,24.9,-76.2,76.62,77,41,13.89
404,Bara,NG,2022-04-17 17:51:33,10.3744,10.7288,84.54,52,74,10.58
405,Samaro,PK,2022-04-17 17:51:33,25.2815,69.3965,86.41,48,2,13.94
406,La Ronge,CA,2022-04-17 17:51:34,55.1001,-105.2842,34.02,51,75,5.75
407,Dalvik,IS,2022-04-17 17:49:51,65.9702,-18.5286,55.33,92,99,3.53
408,Cutlerville,US,2022-04-17 17:52:34,42.8409,-85.6636,44.33,47,8,3.0
409,Uvalde,US,2022-04-17 17:52:34,29.3669,-99.767,85.12,38,100,6.91
410,High Level,CA,2022-04-17 17:52:35,58.5169,-117.136,12.31,85,100,14.97
411,Dogondoutchi,NE,2022-04-17 17:52:35,13.6393,4.0287,94.06,8,67,11.99
412,Kieta,PG,2022-04-17 17:52:35,-6.2167,155.6333,78.55,85,99,3.36
413,Gold Coast,AU,2022-04-17 17:48:52,-28.0,153.4333,66.27,87,100,5.75
414,Marsa Matruh,EG,2022-04-17 17:52:36,31.3525,27.2453,73.6,40,100,12.66
415,Nagato,JP,2022-04-17 17:52:36,34.3833,131.2,49.19,49,100,2.19
416,Doha,QA,2022-04-17 17:50:38,25.2867,51.5333,84.18,19,0,14.97
417,Santona,ES,2022-04-17 17:52:37,43.4439,-3.4576,61.59,72,100,8.61
418,Vzmorye,RU,2022-04-17 17:52:37,54.6961,20.2361,41.09,71,73,7.25
419,Galesong,ID,2022-04-17 17:52:37,-5.3166,119.3661,77.02,85,100,6.2
420,Fort-Shevchenko,KZ,2022-04-17 17:52:38,44.5086,50.263,57.09,63,0,8.12
421,Ilulissat,GL,2022-04-17 17:52:38,69.2167,-51.1,7.02,86,18,4.81
422,Dicabisagan,PH,2022-04-17 17:52:38,17.0818,122.4157,76.19,88,92,7.29
423,Jiwani,PK,2022-04-17 17:52:39,25.05,61.7417,82.35,76,12,15.68
424,Yuyao,CN,2022-04-17 17:52:39,30.05,121.1494,55.17,73,100,3.62
425,Raudeberg,NO,2022-04-17 17:52:39,61.9875,5.1352,48.87,81,98,18.12
426,Atasu,KZ,2022-04-17 17:52:40,48.6814,71.6433,61.25,22,71,9.53
427,Guarapari,BR,2022-04-17 17:52:40,-20.6667,-40.4975,77.9,61,0,12.84
428,Loviisa,FI,2022-04-17 17:52:40,60.4566,26.2251,39.29,86,100,5.73
429,Karachi,PK,2022-04-17 17:49:35,24.9056,67.0822,82.22,74,40,9.22
430,Ampanihy,MG,2022-04-17 17:52:41,-24.7,44.75,73.44,84,79,13.58
431,Pontianak,ID,2022-04-17 17:52:41,-0.0333,109.3333,78.78,88,75,2.3
432,Mayo,US,2022-04-17 17:52:41,38.8876,-76.5119,57.67,40,20,14.97
433,Sao Joao Da Barra,BR,2022-04-17 17:48:35,-21.6403,-41.0511,80.69,63,17,15.37
434,Sembe,CG,2022-04-17 17:52:42,1.6481,14.5806,73.58,92,79,2.8
435,Katakwi,UG,2022-04-17 17:52:42,1.8911,33.9661,70.05,78,92,7.85
436,Paredon,MX,2022-04-17 17:52:42,16.0333,-93.8667,88.11,60,19,11.92
437,Shingu,JP,2022-04-17 17:52:23,33.7333,135.9833,56.82,89,92,5.82
438,Srednekolymsk,RU,2022-04-17 17:52:23,67.45,153.6833,2.16,98,98,5.3
439,Nandgaon,IN,2022-04-17 17:52:43,20.3167,74.65,88.14,26,14,9.78
440,Chenzhou,CN,2022-04-17 17:52:43,25.8,113.0333,52.25,98,100,3.67
441,Port-Cartier,CA,2022-04-17 17:52:44,50.0334,-66.8654,36.75,80,98,3.76
442,Newport,GB,2022-04-17 17:52:44,51.5877,-2.9984,60.91,80,100,14.7
443,Huarmey,PE,2022-04-17 17:52:44,-10.0681,-78.1522,72.81,71,20,11.65
444,Burnie,AU,2022-04-17 17:52:45,-41.0667,145.9167,56.8,91,100,6.78
445,Nalut,LY,2022-04-17 17:52:45,30.3333,10.85,67.69,25,0,10.29
446,Luderitz,NA,2022-04-17 17:52:46,-26.6481,15.1594,65.44,65,0,10.16
447,Puerto Del Rosario,ES,2022-04-17 17:52:46,28.5004,-13.8627,76.75,50,40,16.11
448,Garbolovo,RU,2022-04-17 17:52:46,60.3413,30.4955,35.33,84,91,5.35
449,Labuhan,ID,2022-04-17 17:52:47,-6.8844,112.2051,80.51,83,75,2.8
450,Brokopondo,SR,2022-04-17 17:52:47,4.75,-55.1667,83.71,66,61,3.94
451,Luganville,VU,2022-04-17 17:52:47,-15.5333,167.1667,77.68,85,63,2.86
452,Clearlake,US,2022-04-17 17:53:08,38.9582,-122.6264,57.34,51,50,2.82
453,Rio Grande,BR,2022-04-17 17:53:48,-32.035,-52.0986,78.91,61,88,12.28
454,Torata,PE,2022-04-17 17:53:48,-17.0769,-70.8433,69.3,29,69,9.17
455,Bela,IN,2022-04-17 17:53:48,25.9333,81.9833,88.14,9,0,4.07
456,Axim,GH,2022-04-17 17:53:49,4.8699,-2.2405,79.79,83,96,10.67
457,Rockland,US,2022-04-17 17:53:49,41.1668,-74.0496,49.86,39,49,5.01
458,Boke,GN,2022-04-17 17:53:49,10.9409,-14.2967,87.51,43,66,13.53
459,Karancslapujto,HU,2022-04-17 17:53:50,48.15,19.7333,43.47,53,94,7.36
460,Broome,US,2022-04-17 17:53:50,42.2506,-75.833,42.62,60,100,8.99
461,Connersville,US,2022-04-17 17:53:50,39.6412,-85.1411,47.62,48,92,7.0
462,Tigil,RU,2022-04-17 17:53:51,57.8,158.6667,14.31,98,100,4.52
463,Tupiza,BO,2022-04-17 17:53:51,-21.45,-65.7167,64.83,15,2,3.65
464,Berdigestyakh,RU,2022-04-17 17:53:51,62.0989,126.6992,20.68,86,60,9.24
465,Cuenca,EC,2022-04-17 17:50:51,-2.8833,-78.9833,66.33,59,75,4.61
466,The Valley,AI,2022-04-17 17:53:52,18.217,-63.0578,84.34,61,20,18.41
467,Shawville,CA,2022-04-17 17:53:52,45.6001,-76.4827,46.81,38,76,14.27
468,Lapao,BR,2022-04-17 17:53:53,-11.3833,-41.8319,79.21,65,96,11.77
469,Chara,RU,2022-04-17 17:53:53,56.9064,118.2631,26.87,94,100,3.78
470,Opuwo,NA,2022-04-17 17:53:53,-18.0607,13.84,77.22,39,35,3.76
471,Tuy Hoa,VN,2022-04-17 17:53:54,13.0833,109.3,75.0,92,22,3.53
472,Natal,BR,2022-04-17 17:50:20,-5.795,-35.2094,88.02,70,75,13.8
473,Dumas,US,2022-04-17 17:53:54,35.8656,-101.9732,72.61,29,0,9.22
474,Sept-Iles,CA,2022-04-17 17:51:14,50.2001,-66.3821,37.06,79,100,13.8
475,Sidi Ali,DZ,2022-04-17 17:53:55,36.0998,0.4206,63.75,65,0,5.91
476,Abbeville,FR,2022-04-17 17:53:55,50.1,1.8333,64.36,72,26,8.03
477,Ranong,TH,2022-04-17 17:53:55,9.9658,98.6348,79.57,87,54,2.42
478,Teya,RU,2022-04-17 17:53:56,60.3778,92.6267,31.8,91,100,9.55
479,Salmas,IR,2022-04-17 17:53:56,38.1973,44.7653,51.98,39,1,2.73
480,Liverpool,GB,2022-04-17 17:51:01,53.4106,-2.9779,64.65,66,20,13.8
481,San Eduardo,PH,2022-04-17 17:53:57,12.1679,125.4503,79.07,78,50,8.99
482,Sotouboua,TG,2022-04-17 17:53:57,8.5667,0.9833,86.61,47,48,2.98
483,Arandis,NA,2022-04-17 17:53:57,-22.4167,14.9667,72.99,36,16,5.99
484,Kununurra,AU,2022-04-17 17:53:58,-15.7667,128.7333,75.18,94,43,2.3
485,Pisco,PE,2022-04-17 17:53:58,-13.7,-76.2167,69.03,77,0,10.36
486,Acapulco,MX,2022-04-17 17:52:28,16.8634,-99.8901,86.92,46,51,8.86
487,Bulgan,MN,2022-04-17 17:53:58,48.8125,103.5347,39.58,45,31,4.85
488,Port Hardy,CA,2022-04-17 17:53:59,50.6996,-127.4199,44.78,70,20,18.41
489,Turan,VN,2022-04-17 17:52:54,16.0678,108.2208,76.98,88,20,3.44
490,La Macarena,CO,2022-04-17 17:53:59,2.1837,-73.7849,82.02,70,98,3.24
491,Mafra,BR,2022-04-17 17:53:59,-26.1114,-49.8053,70.66,42,1,2.1
492,Aitape,PG,2022-04-17 17:54:00,-3.1374,142.3475,77.56,89,84,2.24
493,Peniche,PT,2022-04-17 17:54:00,39.3558,-9.3811,66.29,84,95,21.25
494,Santa Rosa,PH,2022-04-17 17:54:01,14.3122,121.1114,82.38,75,20,9.6
495,Tucurui,BR,2022-04-17 17:54:01,-3.7661,-49.6725,85.62,74,85,1.03
496,Atar,MR,2022-04-17 17:54:01,20.5169,-13.0499,99.66,8,15,8.05
497,Pacific Grove,US,2022-04-17 17:54:02,36.6177,-121.9166,58.55,76,2,10.0
498,Nuevitas,CU,2022-04-17 17:55:02,21.5453,-77.2644,83.84,52,37,0.6
499,Kosterevo,RU,2022-04-17 17:55:03,55.9299,39.6144,32.79,82,82,4.54
500,Pampierstad,ZA,2022-04-17 17:55:04,-27.7832,24.6877,60.24,76,43,8.97
501,Nouakchott,MR,2022-04-17 17:55:05,18.0858,-15.9785,69.73,77,69,19.15
502,Ituiutaba,BR,2022-04-17 17:55:05,-18.9689,-49.465,83.61,40,1,3.4
503,Kathmandu,NP,2022-04-17 17:50:33,27.7167,85.3167,66.42,42,20,2.3
504,Matagami,CA,2022-04-17 17:55:05,49.7502,-77.6328,24.91,68,100,13.8
505,Half Moon Bay,US,2022-04-17 17:55:06,37.4636,-122.4286,61.75,63,0,9.22
506,Catacamas,HN,2022-04-17 17:52:29,14.8,-85.9,100.81,38,20,4.61
507,Capitao Poco,BR,2022-04-17 17:55:06,-1.7464,-47.0594,82.13,85,86,4.56
508,Ried,DE,2022-04-17 17:55:07,48.477,11.2606,52.66,66,67,4.76
509,Boa Vista,BR,2022-04-17 17:54:56,2.8197,-60.6733,89.58,48,75,11.5
510,Rey Bouba,CM,2022-04-17 17:55:07,8.6724,14.1786,95.38,33,49,1.79
511,Sergeyevka,KZ,2022-04-17 17:55:07,53.88,67.4158,47.08,45,52,8.41
512,Adrar,MR,2022-04-17 17:55:08,20.5022,-10.0711,92.48,8,4,9.73
513,Pocosol,CR,2022-04-17 17:55:08,10.3667,-84.6167,86.0,49,99,4.65
514,Vierzon,FR,2022-04-17 17:54:16,47.2101,2.0625,70.39,67,26,7.07
515,Vaasa,FI,2022-04-17 17:55:09,63.096,21.6158,42.82,75,0,3.44
516,Cehegin,ES,2022-04-17 17:55:09,38.0924,-1.7985,68.68,47,33,9.46
517,Ankang,CN,2022-04-17 17:55:09,32.68,109.0172,50.16,82,100,2.17
518,Saint-Denis,FR,2022-04-17 17:55:10,48.9167,2.3333,67.28,31,0,10.36
519,Hirna,ET,2022-04-17 17:55:10,9.2167,41.1,69.04,57,84,5.86
520,Berbera,SO,2022-04-17 17:55:10,10.4396,45.0143,82.15,84,87,6.76
521,Dospat,BG,2022-04-17 17:55:11,41.65,24.1667,35.31,97,100,5.53
522,Tshela,CD,2022-04-17 17:55:11,-4.9833,12.9333,75.97,95,63,0.72
523,Olavarria,AR,2022-04-17 17:55:11,-36.8927,-60.3225,66.02,72,100,7.02
524,Tacuati,PY,2022-04-17 17:55:12,-23.45,-56.5833,79.63,38,88,2.24
525,Worland,US,2022-04-17 17:55:12,44.0169,-107.9554,46.6,33,44,11.01
526,Katsuura,JP,2022-04-17 17:55:13,35.1333,140.3,58.35,72,73,6.29
527,Inhambane,MZ,2022-04-17 17:55:13,-23.865,35.3833,72.75,91,95,7.29
528,Janossomorja,HU,2022-04-17 17:55:13,47.7862,17.136,50.09,47,88,13.27
529,Faya,SA,2022-04-17 17:55:14,18.3851,42.4509,69.91,32,82,1.3
530,Jadu,LY,2022-04-17 17:55:14,31.953,12.0261,61.11,40,0,12.12
531,Yurimaguas,PE,2022-04-17 17:55:14,-5.9,-76.0833,87.96,62,40,0.0
532,Khabary,RU,2022-04-17 17:55:15,53.6259,79.5345,53.35,56,89,6.58
533,Skibbereen,IE,2022-04-17 17:55:15,51.55,-9.2667,52.11,82,19,19.22
534,Takoradi,GH,2022-04-17 17:55:15,4.8845,-1.7554,80.71,82,99,12.64
535,Agadez,NE,2022-04-17 17:55:16,19.75,10.25,82.87,12,99,8.99
536,Kedrovyy,RU,2022-04-17 17:55:16,56.1667,91.8167,55.81,93,100,5.1
537,Joyabaj,GT,2022-04-17 17:55:16,14.995,-90.8061,86.56,18,17,5.75
538,Gauripur,IN,2022-04-17 17:55:17,26.0835,89.9616,76.51,71,12,4.79
539,Arcata,US,2022-04-17 17:55:17,40.8665,-124.0828,55.2,69,100,7.0
540,Khani,GE,2022-04-17 17:55:17,41.9563,42.9566,54.97,68,22,8.99
541,Coahuayana,MX,2022-04-17 17:55:18,18.7333,-103.6833,89.44,49,91,8.12
542,Formosa,AR,2022-04-17 17:56:18,-26.1775,-58.1781,76.98,50,0,5.75
543,Belle Fourche,US,2022-04-17 17:56:18,44.6714,-103.8522,44.33,41,52,33.2
544,Goure,NE,2022-04-17 17:56:19,13.9835,10.2704,91.65,15,70,6.82
545,Wangqing,CN,2022-04-17 17:56:19,43.3218,129.7634,38.79,42,85,2.44
546,Ussel,FR,2022-04-17 17:56:19,45.55,2.3167,56.03,48,26,5.99
547,Praya,CV,2022-04-17 17:56:20,14.9215,-23.5087,79.34,57,20,18.41
548,Krasnyy Oktyabr,RU,2022-04-17 17:56:20,56.1167,38.8833,32.04,80,72,5.73
549,Mohanur,IN,2022-04-17 17:56:20,11.0833,78.1667,84.81,66,53,6.67
550,Tougue,GN,2022-04-17 17:56:21,11.4667,-11.6,94.01,16,72,3.87
551,Antofagasta,CL,2022-04-17 17:56:21,-23.65,-70.4,66.45,69,17,8.28
552,Mehamn,NO,2022-04-17 17:56:22,71.0357,27.8492,40.95,93,100,19.57
553,Tonantins,BR,2022-04-17 17:56:22,-2.8731,-67.8022,84.04,80,81,2.73
554,Atambua,ID,2022-04-17 17:56:22,-9.1061,124.8925,74.19,88,100,3.31
555,Zavetnoye,RU,2022-04-17 17:56:23,47.1194,43.8903,57.61,51,77,8.9
556,Isiro,CD,2022-04-17 17:56:23,2.7739,27.616,71.82,82,100,0.72
557,Kokstad,ZA,2022-04-17 17:56:23,-30.5472,29.4241,50.74,94,87,3.42
558,Lieto,FI,2022-04-17 17:56:24,60.5103,22.4618,43.07,74,0,6.91
559,Tres Arroyos,AR,2022-04-17 17:56:24,-38.3739,-60.2798,71.35,43,81,7.09
560,Magistralnyy,RU,2022-04-17 17:56:24,56.1725,107.4458,38.41,91,100,5.53
561,Preobrazheniye,RU,2022-04-17 17:56:25,42.9019,133.9064,40.82,83,94,2.21
562,Lagunas,PE,2022-04-17 17:56:25,-5.2269,-75.6753,84.04,76,50,4.27
