City_ID,City,Lat,Lng,Max Temp,Humidity,Cloudiness,Wind Speed,Country,Date,Weather Description
0,Marang,5.2056,103.2059,81.1,78,59,1.52,MY,2022-04-18 00:03:39,broken clouds
1,Yellowknife,62.456,-114.3525,19.92,49,20,8.05,CA,2022-04-17 23:59:02,few clouds
2,Panuco,22.05,-98.1667,84.29,64,17,16.04,MX,2022-04-18 00:03:40,few clouds
3,Ushuaia,-54.8,-68.3,46.06,93,100,16.11,AR,2022-04-17 23:59:40,moderate rain
4,Castro,-24.7911,-50.0119,52.02,96,8,4.34,BR,2022-04-18 00:01:28,clear sky
5,Puerto Ayora,-0.7393,-90.3518,74.41,95,93,9.37,EC,2022-04-18 00:03:40,light rain
6,Canton,23.1167,113.25,60.75,77,100,5.86,CN,2022-04-18 00:01:04,overcast clouds
7,Qaanaaq,77.484,-69.3632,-18.6,76,1,4.45,GL,2022-04-18 00:03:41,clear sky
8,Pevek,69.7008,170.3133,9.52,85,34,1.68,RU,2022-04-18 00:03:41,scattered clouds
9,Talnakh,69.4865,88.3972,4.21,96,100,4.56,RU,2022-04-18 00:03:41,light snow
10,Rikitea,-23.1203,-134.9692,78.55,63,3,11.43,PF,2022-04-18 00:00:51,clear sky
11,Chuy,-33.6971,-53.4616,62.26,78,100,6.87,UY,2022-04-18 00:03:42,overcast clouds
12,Albany,42.6001,-73.9662,42.64,57,59,4.0,US,2022-04-17 23:59:44,broken clouds
13,Ponta Do Sol,32.6667,-17.1,66.83,54,93,12.21,PT,2022-04-18 00:03:42,overcast clouds
14,Cape Town,-33.9258,18.4232,62.35,79,66,13.0,ZA,2022-04-18 00:00:23,broken clouds
15,Bredasdorp,-34.5322,20.0403,60.22,92,81,4.72,ZA,2022-04-18 00:00:48,broken clouds
16,Sioux Lookout,50.1001,-91.917,24.87,86,100,8.05,CA,2022-04-18 00:00:21,mist
17,Ixtapa,20.7,-105.2,78.03,69,75,8.05,MX,2022-04-18 00:03:43,broken clouds
18,Dikson,73.5069,80.5464,-7.26,100,93,2.46,RU,2022-04-18 00:03:43,overcast clouds
19,Upernavik,72.7868,-56.1549,-2.56,89,100,13.13,GL,2022-04-18 00:02:30,overcast clouds
20,Yurla,59.3259,54.3223,18.81,94,46,1.92,RU,2022-04-18 00:03:44,scattered clouds
21,Khatanga,71.9667,102.5,6.3,95,98,13.18,RU,2022-04-18 00:03:44,overcast clouds
22,North Platte,41.1239,-100.7654,60.69,29,100,21.0,US,2022-04-18 00:03:44,overcast clouds
23,Mataura,-46.1927,168.8643,60.48,53,2,2.91,NZ,2022-04-18 00:02:15,clear sky
24,Tilichiki,60.4667,166.1,23.18,81,36,6.55,RU,2022-04-18 00:03:45,scattered clouds
25,Ilulissat,69.2167,-51.1,14.02,73,40,5.75,GL,2022-04-18 00:00:35,scattered clouds
26,Hilo,19.7297,-155.09,77.29,92,100,1.99,US,2022-04-18 00:00:41,mist
27,Vaini,-21.2,-175.2,80.98,79,99,13.78,TO,2022-04-18 00:01:16,overcast clouds
28,Guaraciaba Do Norte,-4.1669,-40.7475,65.41,96,99,2.46,BR,2022-04-18 00:03:45,light rain
29,Hasaki,35.7333,140.8333,64.29,67,73,11.21,JP,2022-04-18 00:03:45,broken clouds
30,Manosque,43.8288,5.7869,45.88,79,6,2.82,FR,2022-04-18 00:03:46,clear sky
31,Riyadh,24.6877,46.7219,71.78,21,0,4.74,SA,2022-04-18 00:00:02,clear sky
32,Yamada,39.4667,141.95,56.23,49,57,5.84,JP,2022-04-18 00:03:46,broken clouds
33,Kavieng,-2.5744,150.7967,85.57,66,83,14.18,PG,2022-04-18 00:03:47,broken clouds
34,Atuona,-9.8,-139.0333,79.65,78,8,17.07,PF,2022-04-18 00:03:47,clear sky
35,Mahebourg,-20.4081,57.7,75.25,87,36,11.41,MU,2022-04-18 00:01:29,light rain
36,Tuktoyaktuk,69.4541,-133.0374,15.49,83,99,8.61,CA,2022-04-18 00:03:47,overcast clouds
37,Komsomolskiy,40.4272,71.7189,67.05,30,33,0.34,UZ,2022-04-18 00:03:48,scattered clouds
38,Arraial Do Cabo,-22.9661,-42.0278,73.47,67,1,11.07,BR,2022-04-18 00:03:48,clear sky
39,Darnah,32.767,22.6367,60.1,74,0,7.67,LY,2022-04-18 00:03:48,clear sky
40,Faanui,-16.4833,-151.75,80.96,72,44,9.22,PF,2022-04-18 00:03:49,light rain
41,Bonavista,48.6499,-53.1147,37.17,99,100,15.75,CA,2022-04-18 00:03:49,overcast clouds
42,Dingle,10.9995,122.6711,80.78,78,72,10.87,PH,2022-04-18 00:03:49,broken clouds
43,Saldanha,-33.0117,17.9442,58.96,80,34,9.4,ZA,2022-04-18 00:03:50,scattered clouds
44,Nanortalik,60.1432,-45.2371,29.43,89,40,9.55,GL,2022-04-18 00:03:50,scattered clouds
45,Busselton,-33.65,115.3333,58.26,69,50,3.44,AU,2022-04-18 00:03:27,scattered clouds
46,Port Alfred,-33.5906,26.891,60.19,94,16,3.0,ZA,2022-04-18 00:02:29,few clouds
47,Hobart,-42.8794,147.3294,56.05,90,75,1.01,AU,2022-04-18 00:00:16,broken clouds
48,Saskylakh,71.9167,114.0833,28.24,97,100,11.79,RU,2022-04-18 00:04:51,light snow
49,Kununurra,-15.7667,128.7333,82.38,83,15,5.75,AU,2022-04-18 00:04:51,few clouds
50,Sohag,26.557,31.6948,86.45,11,100,6.93,EG,2022-04-18 00:04:51,overcast clouds
51,Barahona,18.2085,-71.1008,76.57,81,49,7.78,DO,2022-04-18 00:04:52,scattered clouds
52,Weinan,34.5036,109.5089,56.35,40,17,8.05,CN,2022-04-18 00:04:52,few clouds
53,Port Elizabeth,-33.918,25.5701,63.32,97,75,11.5,ZA,2022-04-18 00:00:15,moderate rain
54,Butaritari,3.0707,172.7902,82.08,73,14,12.35,KI,2022-04-18 00:01:12,few clouds
55,Ondjiva,-17.0667,15.7333,68.45,76,68,5.37,AO,2022-04-18 00:04:53,broken clouds
56,Semnan,35.5729,53.3971,50.02,52,11,6.06,IR,2022-04-18 00:04:53,few clouds
57,Barmer,25.75,71.3833,76.1,61,15,9.78,IN,2022-04-18 00:04:53,few clouds
58,Thunder Bay,48.4001,-89.3168,31.28,72,97,1.99,CA,2022-04-18 00:00:21,overcast clouds
59,La Asuncion,11.0333,-63.8628,78.15,81,100,18.54,VE,2022-04-18 00:04:54,overcast clouds
60,Auki,-8.7676,160.7034,83.07,71,94,3.42,SB,2022-04-18 00:04:54,overcast clouds
61,Hithadhoo,-0.6,73.0833,82.87,74,63,8.59,MV,2022-04-18 00:03:26,broken clouds
62,Geraldton,-28.7667,114.6,57.61,72,0,9.22,AU,2022-04-18 00:04:55,clear sky
63,Souillac,-20.5167,57.5167,77.56,88,81,12.06,MU,2022-04-18 00:04:55,light rain
64,Pochutla,15.7432,-96.4661,85.82,53,90,8.63,MX,2022-04-18 00:04:55,overcast clouds
65,Bluff,-46.6,168.3333,60.8,67,11,5.39,NZ,2022-04-18 00:01:11,few clouds
66,Gilbues,-9.8317,-45.3439,73.99,87,93,2.77,BR,2022-04-18 00:01:01,overcast clouds
67,Narasannapeta,18.4167,84.05,78.89,79,70,7.25,IN,2022-04-18 00:04:56,broken clouds
68,New Norfolk,-42.7826,147.0587,55.89,60,100,1.01,AU,2022-04-18 00:04:56,overcast clouds
69,Mahibadhoo,3.7833,72.9667,83.8,71,100,12.26,MV,2022-04-18 00:04:56,overcast clouds
70,Mar Del Plata,-38.0023,-57.5575,64.09,90,0,11.99,AR,2022-04-18 00:03:28,clear sky
71,Hermanus,-34.4187,19.2345,61.81,85,65,9.86,ZA,2022-04-18 00:03:25,broken clouds
72,Jiaozuo,35.2397,113.2331,63.14,30,16,16.13,CN,2022-04-18 00:04:57,few clouds
73,Quatre Cocos,-20.2078,57.7625,75.09,88,28,10.58,MU,2022-04-18 00:04:57,light rain
74,Vardo,70.3705,31.1107,39.76,92,100,11.03,NO,2022-04-18 00:04:57,overcast clouds
75,Acapulco,16.8634,-99.8901,83.16,55,20,9.62,MX,2022-04-18 00:02:01,few clouds
76,Douglas,41.3,-96.167,44.53,69,100,13.8,US,2022-04-18 00:04:58,overcast clouds
77,Yantal,56.8471,105.2542,44.49,94,100,8.05,RU,2022-04-18 00:04:58,overcast clouds
78,Saint-Philippe,-21.3585,55.7679,73.22,87,62,9.06,RE,2022-04-18 00:04:21,light rain
79,Punta Arenas,-53.15,-70.9167,46.11,93,75,8.05,CL,2022-04-18 00:04:58,broken clouds
80,Havelock,34.8791,-76.9013,60.78,65,100,16.11,US,2022-04-18 00:04:59,overcast clouds
81,Havoysund,70.9963,24.6622,44.83,96,100,15.52,NO,2022-04-18 00:04:59,overcast clouds
82,Jamestown,42.097,-79.2353,37.53,33,0,6.91,US,2022-04-18 00:04:53,clear sky
83,Steamboat Springs,40.485,-106.8317,47.79,85,100,9.22,US,2022-04-18 00:04:59,overcast clouds
84,Cayenne,4.9333,-52.3333,81.09,1,0,3.44,GF,2022-04-18 00:00:14,clear sky
85,Rocha,-34.4833,-54.3333,57.88,90,100,4.68,UY,2022-04-18 00:00:27,overcast clouds
86,Tasiilaq,65.6145,-37.6368,33.17,95,100,8.95,GL,2022-04-18 00:05:00,overcast clouds
87,Oudtshoorn,-33.5907,22.2014,50.36,80,40,1.3,ZA,2022-04-18 00:05:00,scattered clouds
88,Tazovskiy,67.4667,78.7,7.74,96,91,10.04,RU,2022-04-18 00:05:01,overcast clouds
89,Sakakah,29.9697,40.2064,67.39,14,1,6.24,SA,2022-04-18 00:05:01,clear sky
90,Kemin,42.7846,75.6892,58.21,37,52,8.01,KG,2022-04-18 00:05:02,broken clouds
91,Chilia Veche,45.4167,29.2833,42.82,63,100,12.95,RO,2022-04-18 00:05:02,overcast clouds
92,Camacha,33.0833,-16.3333,58.42,82,20,13.8,PT,2022-04-18 00:05:03,few clouds
93,Alice Springs,-23.7,133.8833,76.55,41,30,12.66,AU,2022-04-18 00:06:04,scattered clouds
94,Vyritsa,59.4078,30.3481,39.31,76,100,3.27,RU,2022-04-18 00:06:04,overcast clouds
95,Husavik,66.0449,-17.3389,40.28,97,100,3.09,IS,2022-04-18 00:06:04,light rain
96,Muros,42.7762,-9.0603,57.83,78,37,12.71,ES,2022-04-18 00:06:05,scattered clouds
97,Westport,41.1415,-73.3579,46.38,41,0,9.22,US,2022-04-18 00:02:46,clear sky
98,Codrington,-38.2667,141.9667,60.06,80,100,11.77,AU,2022-04-18 00:06:05,moderate rain
99,Hofn,64.2539,-15.2082,44.98,81,7,1.23,IS,2022-04-18 00:06:05,clear sky
100,Plettenberg Bay,-34.0527,23.3716,59.02,76,21,3.09,ZA,2022-04-18 00:06:06,few clouds
101,Cherskiy,68.75,161.3,13.73,82,100,4.18,RU,2022-04-18 00:03:26,overcast clouds
102,Belmonte,-15.8631,-38.8828,77.4,78,100,14.56,BR,2022-04-18 00:06:06,overcast clouds
103,Iberia,29.9502,-91.7507,79.09,73,20,11.5,US,2022-04-18 00:02:50,few clouds
104,Kyaikkami,16.08,97.5675,82.29,79,39,4.25,MM,2022-04-18 00:06:07,scattered clouds
105,Hudson Bay,52.85,-102.3842,28.99,91,100,2.21,CA,2022-04-18 00:06:07,snow
106,Provideniya,64.3833,-173.3,32.36,86,100,27.0,RU,2022-04-18 00:06:07,snow
107,Bud,39.447,-86.1758,50.18,45,100,9.91,US,2022-04-18 00:06:08,overcast clouds
108,Tiarei,-17.5333,-149.3333,86.02,74,10,11.45,PF,2022-04-18 00:06:08,light rain
109,Kaitangata,-46.2817,169.8464,57.06,56,2,2.13,NZ,2022-04-18 00:06:08,clear sky
110,Isangel,-19.55,169.2667,82.69,72,100,1.21,VU,2022-04-18 00:06:09,moderate rain
111,Sao Jose Da Coroa Grande,-8.8978,-35.1478,79.05,81,77,8.9,BR,2022-04-18 00:06:09,broken clouds
112,Nikolskoye,59.7035,30.7861,39.7,77,100,3.53,RU,2022-04-18 00:03:27,overcast clouds
113,Kapaa,22.0752,-159.319,82.38,84,75,19.57,US,2022-04-18 00:03:10,broken clouds
114,Manono,-7.3,27.4167,68.94,94,31,2.66,CD,2022-04-18 00:06:09,scattered clouds
115,Moron,-34.6534,-58.6198,66.96,82,100,6.87,AR,2022-04-18 00:01:20,overcast clouds
116,Nouadhibou,20.931,-17.0347,64.83,91,100,11.56,MR,2022-04-18 00:06:10,overcast clouds
117,Archidona,37.0965,-4.3887,59.92,57,100,0.74,ES,2022-04-18 00:06:10,overcast clouds
118,Siocon,7.7061,122.1353,81.75,77,84,3.83,PH,2022-04-18 00:06:11,broken clouds
119,Grand-Lahou,5.1367,-5.0242,76.77,89,100,6.26,CI,2022-04-18 00:06:11,overcast clouds
120,Deputatskiy,69.3,139.9,6.67,94,98,3.69,RU,2022-04-18 00:06:11,overcast clouds
121,Los Llanos De Aridane,28.6585,-17.9182,67.75,49,100,11.5,ES,2022-04-18 00:06:12,overcast clouds
122,Kattivakkam,13.2167,80.3167,85.06,88,66,1.1,IN,2022-04-18 00:06:12,broken clouds
123,Khasan,42.4308,130.6434,46.99,42,81,9.64,RU,2022-04-18 00:06:12,broken clouds
124,Lichuan,30.3,108.85,44.22,91,100,2.98,CN,2022-04-18 00:06:13,overcast clouds
125,Vestmannaeyjar,63.4427,-20.2734,42.44,70,21,5.61,IS,2022-04-18 00:06:13,few clouds
126,Lorengau,-2.0226,147.2712,83.08,79,61,6.93,PG,2022-04-18 00:06:13,broken clouds
127,San Cristobal,7.7669,-72.225,66.29,97,96,2.8,VE,2022-04-18 00:06:14,overcast clouds
128,Talaya,61.3833,152.75,12.58,81,100,0.78,RU,2022-04-18 00:06:14,overcast clouds
129,Sur,22.5667,59.5289,86.04,42,1,9.48,OM,2022-04-18 00:06:14,clear sky
130,Torbay,47.6666,-52.7314,52.88,93,100,16.28,CA,2022-04-18 00:03:19,overcast clouds
131,Brewster,41.3973,-73.6171,45.01,45,20,5.75,US,2022-04-18 00:06:15,few clouds
132,Barrow,71.2906,-156.7887,6.82,78,0,9.22,US,2022-04-18 00:06:15,clear sky
133,Wad Rawah,15.1603,33.1397,91.0,21,20,7.02,SD,2022-04-18 00:06:15,few clouds
134,Tiksi,71.6872,128.8694,1.62,98,87,4.03,RU,2022-04-18 00:06:16,overcast clouds
135,Tura,25.5198,90.2201,67.84,86,0,5.01,IN,2022-04-18 00:06:16,clear sky
136,Marion,39.7684,-86.1555,50.04,44,75,17.27,US,2022-04-18 00:06:17,broken clouds
137,Derzhavinsk,51.1,66.3167,49.64,65,100,9.44,KZ,2022-04-18 00:06:17,overcast clouds
138,Lewiston,44.1003,-70.2148,42.42,64,20,10.36,US,2022-04-18 00:04:14,few clouds
139,Puerto Cabezas,14.0351,-83.3888,79.57,77,3,11.36,NI,2022-04-18 00:06:17,clear sky
140,Formosa,-26.1775,-58.1781,66.18,82,0,4.61,AR,2022-04-18 00:06:18,clear sky
141,Ancud,-41.8697,-73.8203,55.22,86,100,4.41,CL,2022-04-18 00:07:18,overcast clouds
142,Booue,-0.0921,11.9385,74.05,97,93,1.3,GA,2022-04-18 00:07:18,moderate rain
143,Jibuti,11.5,42.5,75.42,72,5,5.06,DJ,2022-04-18 00:07:19,clear sky
144,Gari,59.4307,62.3497,22.93,92,10,1.79,RU,2022-04-18 00:07:19,clear sky
145,Hami,42.8,93.45,53.91,19,0,6.15,CN,2022-04-18 00:07:20,clear sky
146,Magistralnyy,56.1725,107.4458,41.5,94,100,4.7,RU,2022-04-18 00:07:20,overcast clouds
147,Rawson,-43.3002,-65.1023,60.51,74,0,24.61,AR,2022-04-18 00:07:20,clear sky
148,Turayf,31.6725,38.6637,66.16,14,0,12.33,SA,2022-04-18 00:07:21,clear sky
149,Iqaluit,63.7506,-68.5145,-13.92,91,61,6.02,CA,2022-04-18 00:07:21,broken clouds
150,Upata,8.0086,-62.3989,75.92,73,28,8.72,VE,2022-04-18 00:07:21,scattered clouds
151,Ngunguru,-35.6167,174.5,66.47,92,100,25.01,NZ,2022-04-18 00:07:22,light rain
152,Ylivieska,64.0833,24.55,35.89,96,99,2.42,FI,2022-04-18 00:05:00,overcast clouds
153,Ayagoz,47.9714,80.4392,50.58,33,85,6.02,KZ,2022-04-18 00:07:22,overcast clouds
154,Vila Franca Do Campo,37.7167,-25.4333,59.41,75,77,10.47,PT,2022-04-18 00:07:22,broken clouds
155,Sao Filipe,14.8961,-24.4956,71.46,78,2,8.1,CV,2022-04-18 00:07:23,clear sky
156,Desaguadero,-16.5656,-69.0417,45.16,39,2,2.04,PE,2022-04-18 00:07:23,clear sky
157,North Bay,46.3168,-79.4663,37.94,62,75,4.99,CA,2022-04-18 00:07:23,broken clouds
158,Robinson,31.4677,-97.1147,82.4,56,0,10.36,US,2022-04-18 00:07:24,clear sky
159,Carutapera,-1.195,-46.02,76.37,91,98,3.11,BR,2022-04-18 00:07:24,overcast clouds
160,Ribeira Grande,38.5167,-28.7,58.1,70,53,19.48,PT,2022-04-18 00:07:24,broken clouds
161,Bay Roberts,47.5999,-53.2648,53.65,95,100,4.0,CA,2022-04-18 00:07:25,overcast clouds
162,Portland,45.5234,-122.6762,59.61,47,100,10.36,US,2022-04-18 00:04:23,overcast clouds
163,Narsaq,60.9167,-46.05,34.02,91,81,3.51,GL,2022-04-18 00:07:25,broken clouds
164,Yelizovo,53.1873,158.3805,35.74,43,75,4.47,RU,2022-04-18 00:07:26,broken clouds
165,Avarua,-21.2078,-159.775,80.65,74,75,3.44,CK,2022-04-18 00:07:26,broken clouds
166,Rio Grande,-32.035,-52.0986,63.95,76,100,12.08,BR,2022-04-18 00:07:27,overcast clouds
167,Nome,64.5011,-165.4064,31.1,80,100,17.27,US,2022-04-18 00:07:27,overcast clouds
168,Bara,10.3744,10.7288,84.54,54,92,6.69,NG,2022-04-18 00:07:27,light rain
169,Barcelos,41.5388,-8.6151,58.84,88,1,6.26,PT,2022-04-18 00:07:28,clear sky
170,Beitbridge,-22.2167,30.0,65.37,81,100,6.29,ZW,2022-04-18 00:07:28,overcast clouds
171,Port Moresby,-9.4431,147.1797,83.77,72,95,3.56,PG,2022-04-18 00:04:26,overcast clouds
172,Moose Factory,51.2585,-80.6094,20.79,79,84,5.66,CA,2022-04-18 00:07:28,broken clouds
173,Luganville,-15.5333,167.1667,85.98,65,68,4.07,VU,2022-04-18 00:07:29,light rain
174,Mayumba,-3.432,10.6554,77.11,92,100,4.5,GA,2022-04-18 00:07:29,overcast clouds
175,Waipawa,-41.4122,175.5153,59.22,63,65,13.82,NZ,2022-04-18 00:05:08,broken clouds
176,Surgut,61.25,73.4167,15.98,92,0,0.0,RU,2022-04-18 00:07:30,clear sky
177,Yangambi,0.8102,24.4336,72.5,81,43,2.42,CD,2022-04-18 00:07:30,scattered clouds
178,Tolaga Bay,-38.3667,178.3,61.07,81,100,12.68,NZ,2022-04-18 00:04:53,overcast clouds
179,Salaverry,-8.2333,-78.9667,62.98,85,13,10.04,PE,2022-04-18 00:07:30,few clouds
180,Hirara,24.8,125.2833,70.75,70,89,7.76,JP,2022-04-18 00:07:31,overcast clouds
181,Clearwater,27.9659,-82.8001,81.03,79,0,14.0,US,2022-04-18 00:07:31,clear sky
182,Caravelas,-17.7125,-39.2481,78.03,62,100,10.83,BR,2022-04-18 00:07:31,overcast clouds
183,Mardin,37.3131,40.7436,49.26,54,0,2.3,TR,2022-04-18 00:07:32,clear sky
184,Grindavik,63.8424,-22.4338,39.67,81,75,9.22,IS,2022-04-18 00:07:32,broken clouds
185,Labuhan,-6.8844,112.2051,81.54,83,73,3.24,ID,2022-04-18 00:07:32,broken clouds
186,Airai,-8.9266,125.4092,68.5,71,70,1.9,TL,2022-04-18 00:07:33,broken clouds
187,Severo-Kurilsk,50.6789,156.125,32.11,78,91,5.5,RU,2022-04-18 00:08:33,overcast clouds
188,Namibe,-15.1961,12.1522,73.02,78,23,5.53,AO,2022-04-18 00:08:33,few clouds
189,Saint-Denis,48.9167,2.3333,57.11,44,0,6.91,FR,2022-04-18 00:08:34,clear sky
190,Cortez,37.3489,-108.5859,68.76,13,0,9.22,US,2022-04-18 00:08:34,clear sky
191,Longyearbyen,78.2186,15.6401,21.04,86,75,12.66,SJ,2022-04-18 00:08:34,broken clouds
192,Washington,47.5001,-120.5015,52.48,32,68,1.63,US,2022-04-18 00:08:35,broken clouds
193,Sao Joao Da Barra,-21.6403,-41.0511,69.78,75,2,10.4,BR,2022-04-18 00:04:23,clear sky
194,Luderitz,-26.6481,15.1594,67.48,49,0,12.12,NA,2022-04-18 00:08:35,clear sky
195,Georgetown,5.4112,100.3354,82.33,89,40,0.0,MY,2022-04-18 00:03:49,scattered clouds
196,Bengkulu,-3.8004,102.2655,76.98,89,96,3.85,ID,2022-04-18 00:08:36,overcast clouds
197,Takoradi,4.8845,-1.7554,78.78,86,95,8.12,GH,2022-04-18 00:08:36,overcast clouds
198,Tuatapere,-46.1333,167.6833,59.49,61,10,3.18,NZ,2022-04-18 00:06:14,clear sky
199,Izberbash,42.5696,47.8645,48.25,73,4,15.12,RU,2022-04-18 00:08:36,clear sky
200,Tomatlan,19.9333,-105.25,80.91,57,70,6.93,MX,2022-04-18 00:08:37,broken clouds
201,Beloha,-25.1667,45.05,73.36,88,88,10.85,MG,2022-04-18 00:07:20,overcast clouds
202,Bathsheba,13.2167,-59.5167,79.41,73,75,18.41,BB,2022-04-18 00:08:37,broken clouds
203,Vangaindrano,-23.35,47.6,73.54,86,69,2.73,MG,2022-04-18 00:08:37,broken clouds
204,Mogadishu,2.0371,45.3438,82.36,82,100,12.37,SO,2022-04-18 00:08:38,overcast clouds
205,Mehamn,71.0357,27.8492,40.03,96,100,15.93,NO,2022-04-18 00:08:38,overcast clouds
206,Reconquista,-29.15,-59.65,60.75,77,6,5.39,AR,2022-04-18 00:05:23,clear sky
207,Dandong,40.1292,124.3947,55.54,48,92,4.9,CN,2022-04-18 00:08:39,overcast clouds
208,Kavaratti,10.5669,72.642,82.87,74,62,4.72,IN,2022-04-18 00:08:39,broken clouds
209,Nador,35.174,-2.9287,62.85,72,0,0.0,MA,2022-04-18 00:08:39,clear sky
210,Mingshui,36.7167,117.5,61.3,42,99,7.92,CN,2022-04-18 00:08:39,overcast clouds
211,Thompson,55.7435,-97.8558,28.76,64,100,2.13,CA,2022-04-18 00:08:40,overcast clouds
212,Veraval,20.9,70.3667,78.48,72,0,10.11,IN,2022-04-18 00:08:40,clear sky
213,Poum,-20.2333,164.0167,75.61,76,93,0.92,NC,2022-04-18 00:08:40,overcast clouds
214,Kenora,49.8167,-94.4337,28.78,74,100,5.99,CA,2022-04-18 00:08:41,overcast clouds
215,Humaita,-7.5061,-63.0208,74.97,97,100,1.1,BR,2022-04-18 00:08:41,overcast clouds
216,Baruun-Urt,46.6806,113.2792,46.35,34,19,12.68,MN,2022-04-18 00:08:41,few clouds
217,Constitucion,-35.3333,-72.4167,51.66,93,58,6.67,CL,2022-04-18 00:08:13,broken clouds
218,Lompoc,34.6391,-120.4579,70.7,66,0,28.01,US,2022-04-18 00:08:01,clear sky
219,Ormstown,45.1334,-73.9992,43.92,60,100,7.47,CA,2022-04-18 00:08:42,overcast clouds
220,Ignacio Zaragoza,28.3833,-107.2167,79.45,6,43,12.28,MX,2022-04-18 00:08:42,scattered clouds
221,Maua,-23.6678,-46.4614,63.36,89,64,4.12,BR,2022-04-18 00:08:43,broken clouds
222,Leningradskiy,69.3833,178.4167,17.2,89,83,4.27,RU,2022-04-18 00:08:43,broken clouds
223,West Bay,19.3667,-81.4167,82.08,76,0,1.01,KY,2022-04-18 00:08:43,clear sky
224,Chulman,56.8479,124.9104,22.41,94,100,10.31,RU,2022-04-18 00:08:44,light snow
225,Mugur-Aksy,50.35,90.5,36.21,37,53,6.08,RU,2022-04-18 00:08:44,broken clouds
226,Bethel,41.3712,-73.414,44.96,45,20,5.75,US,2022-04-18 00:04:28,few clouds
227,Sitka,57.0531,-135.33,46.29,57,75,9.22,US,2022-04-18 00:08:44,broken clouds
228,San Pedro,14.35,121.0167,84.31,69,61,13.6,PH,2022-04-18 00:08:45,broken clouds
229,Sorong,-0.8833,131.25,83.97,75,58,12.91,ID,2022-04-18 00:08:45,broken clouds
230,Katobu,-4.9408,122.5276,79.47,86,100,2.53,ID,2022-04-18 00:09:45,overcast clouds
231,Lebu,-37.6167,-73.65,53.33,89,86,8.25,CL,2022-04-18 00:09:46,overcast clouds
232,Esperance,-33.8667,121.9,61.45,62,71,7.31,AU,2022-04-18 00:09:46,broken clouds
233,Kualakapuas,-3.0091,114.3876,79.65,80,100,2.8,ID,2022-04-18 00:05:26,overcast clouds
234,Urumqi,43.801,87.6005,52.75,16,0,2.24,CN,2022-04-18 00:09:46,clear sky
235,Shizuishan,39.2333,106.7694,46.67,40,8,9.31,CN,2022-04-18 00:09:47,clear sky
236,Gonbad-E Qabus,37.25,55.1672,52.63,76,100,1.74,IR,2022-04-18 00:09:47,overcast clouds
237,Mazagao,-0.115,-51.2894,78.85,95,97,4.0,BR,2022-04-18 00:09:47,overcast clouds
238,Bereda,43.2686,-7.5406,51.42,94,39,4.74,ES,2022-04-18 00:09:48,scattered clouds
239,Half Moon Bay,37.4636,-122.4286,65.88,60,0,20.71,US,2022-04-18 00:09:48,clear sky
240,Najran,17.4924,44.1277,72.5,30,61,2.86,SA,2022-04-18 00:09:48,broken clouds
241,Hervey Bay,-25.2986,152.8535,77.02,69,39,7.0,AU,2022-04-18 00:09:49,scattered clouds
242,Pljevlja,43.3333,19.3333,34.39,97,100,4.83,ME,2022-04-18 00:09:49,light snow
243,Solnechnyy,50.7214,136.6319,31.82,82,97,1.59,RU,2022-04-18 00:06:17,overcast clouds
244,East London,-33.0153,27.9116,64.62,82,58,9.69,ZA,2022-04-18 00:09:50,broken clouds
245,Kpandae,8.4689,-0.0113,83.89,62,88,7.63,GH,2022-04-18 00:09:50,overcast clouds
246,Puerto Leguizamo,-0.1934,-74.7819,73.78,97,99,0.94,CO,2022-04-18 00:09:51,overcast clouds
247,Saint Anthony,45.0205,-93.218,36.25,91,100,6.91,US,2022-04-18 00:08:44,snow
248,Kodiak,57.79,-152.4072,40.51,70,100,11.5,US,2022-04-18 00:09:51,overcast clouds
249,Tezu,27.9167,96.1667,60.69,95,100,6.53,IN,2022-04-18 00:09:51,light rain
250,Aitape,-3.1374,142.3475,83.73,73,99,1.5,PG,2022-04-18 00:09:52,moderate rain
251,Waddan,29.1614,16.139,60.21,60,3,3.15,LY,2022-04-18 00:09:52,clear sky
252,Pinyug,60.251,47.7842,25.59,94,74,3.74,RU,2022-04-18 00:09:52,broken clouds
253,Kaliganj,23.4095,89.1402,79.3,88,53,11.43,BD,2022-04-18 00:09:53,broken clouds
254,Mitsamiouli,-11.3847,43.2844,81.21,72,4,7.23,KM,2022-04-18 00:06:18,clear sky
255,Gariaband,20.635,82.0614,74.77,49,13,4.9,IN,2022-04-18 00:09:53,few clouds
256,Svetlaya,46.5389,138.3297,43.0,51,14,6.38,RU,2022-04-18 00:09:53,few clouds
257,Ambon,-3.6954,128.1814,84.34,74,40,2.3,ID,2022-04-18 00:05:52,scattered clouds
258,Sept-Iles,50.2001,-66.3821,41.05,70,100,11.99,CA,2022-04-18 00:09:01,overcast clouds
259,Mantes-La-Jolie,49.0,1.6667,57.2,77,100,4.27,FR,2022-04-18 00:09:54,overcast clouds
260,Arari,-3.4536,-44.78,74.73,97,100,3.18,BR,2022-04-18 00:07:52,overcast clouds
261,Makat,47.6469,53.3463,56.52,54,5,7.16,KZ,2022-04-18 00:09:54,clear sky
262,Berlevag,70.8578,29.0864,42.6,94,100,16.51,NO,2022-04-18 00:09:55,overcast clouds
263,Ruteng,-8.6136,120.4721,68.23,85,90,1.95,ID,2022-04-18 00:09:55,overcast clouds
264,San Patricio,28.017,-97.5169,86.09,64,13,15.3,US,2022-04-18 00:09:55,few clouds
265,Murwara,23.85,80.4,81.97,19,4,5.82,IN,2022-04-18 00:09:55,clear sky
266,Sosva,59.1766,61.8558,23.38,97,10,0.27,RU,2022-04-18 00:09:56,clear sky
267,Axim,4.8699,-2.2405,79.11,86,83,7.96,GH,2022-04-18 00:09:56,broken clouds
268,Gamba,-2.65,10.0,77.31,92,100,3.89,GA,2022-04-18 00:09:56,overcast clouds
269,Enkoping,59.6361,17.0777,42.82,81,77,4.43,SE,2022-04-18 00:09:57,broken clouds
270,Srednekolymsk,67.45,153.6833,18.46,85,99,6.69,RU,2022-04-18 00:09:57,overcast clouds
271,Bousso,10.4795,16.7117,89.53,41,82,3.0,TD,2022-04-18 00:09:57,broken clouds
272,Bogatic,44.8375,19.4806,42.91,50,86,4.72,RS,2022-04-18 00:09:58,overcast clouds
273,Dukat,62.55,155.55,18.7,80,96,1.83,RU,2022-04-18 00:09:58,overcast clouds
274,Buraydah,26.326,43.975,68.38,17,1,9.26,SA,2022-04-18 00:09:58,clear sky
275,Pentecoste,-3.7928,-39.2703,73.89,96,88,3.24,BR,2022-04-18 00:05:49,overcast clouds
276,Tahe,52.3333,124.7333,33.37,68,99,6.58,CN,2022-04-18 00:09:59,overcast clouds
277,Harper,4.375,-7.7169,77.94,86,100,0.16,LR,2022-04-18 00:09:17,overcast clouds
278,Meulaboh,4.1363,96.1285,77.61,89,98,3.38,ID,2022-04-18 00:09:59,overcast clouds
279,Parabel,58.6978,81.4825,27.21,79,35,8.3,RU,2022-04-18 00:11:00,scattered clouds
280,Pokhara,28.2333,83.9833,70.83,25,2,7.81,NP,2022-04-18 00:08:13,clear sky
281,Maumere,-8.6199,122.2111,82.6,80,90,6.49,ID,2022-04-18 00:11:00,overcast clouds
282,Katsina,12.9894,7.6006,87.89,29,88,10.04,NG,2022-04-18 00:11:00,overcast clouds
283,Chake Chake,-5.2459,39.7666,77.47,89,62,8.23,TZ,2022-04-18 00:11:01,light rain
284,Ostrovnoy,68.0531,39.5131,33.03,90,100,9.15,RU,2022-04-18 00:11:01,overcast clouds
285,Ahipara,-35.1667,173.1667,69.58,91,95,13.04,NZ,2022-04-18 00:11:02,light rain
286,Bayan,46.0833,127.4,46.13,23,7,6.67,CN,2022-04-18 00:11:02,clear sky
287,Kirakira,-10.4544,161.9205,85.19,67,90,8.5,SB,2022-04-18 00:11:02,overcast clouds
288,Kibungo,-2.1597,30.5427,65.32,97,83,2.35,RW,2022-04-18 00:09:10,broken clouds
289,Mamlyutka,54.9375,68.5394,37.78,67,80,5.97,KZ,2022-04-18 00:11:03,broken clouds
290,Sorland,67.667,12.6934,43.02,84,100,18.41,NO,2022-04-18 00:11:03,overcast clouds
291,Hanzhong,33.0728,107.0303,52.86,70,100,1.61,CN,2022-04-18 00:11:04,overcast clouds
292,Denpasar,-8.65,115.2167,82.06,94,20,5.75,ID,2022-04-18 00:07:30,few clouds
293,Mabaruma,8.2,-59.7833,73.83,89,33,4.54,GY,2022-04-18 00:11:04,scattered clouds
294,Deer Lake,49.1667,-57.4316,45.93,77,100,17.25,CA,2022-04-18 00:11:04,overcast clouds
295,Vestmanna,62.1564,-7.1664,45.52,100,100,9.22,FO,2022-04-18 00:11:05,drizzle
296,Arlit,18.7369,7.3853,75.65,14,93,6.91,NE,2022-04-18 00:11:05,overcast clouds
297,Arman,59.7,150.1667,26.98,69,100,1.23,RU,2022-04-18 00:11:06,overcast clouds
298,Nieuw Amsterdam,5.8833,-55.0833,79.14,85,20,5.75,SR,2022-04-18 00:11:06,few clouds
299,Tartus,34.889,35.8866,72.09,33,86,9.51,SY,2022-04-18 00:11:06,overcast clouds
300,Port Keats,-14.25,129.55,84.99,66,21,2.44,AU,2022-04-18 00:11:07,few clouds
301,Chingola,-12.529,27.8838,59.85,97,40,3.53,ZM,2022-04-18 00:11:07,scattered clouds
302,Carnarvon,-24.8667,113.6333,66.27,82,98,12.66,AU,2022-04-18 00:06:09,overcast clouds
303,Araouane,18.9048,-3.5265,74.75,23,0,8.68,ML,2022-04-18 00:11:07,clear sky
304,Sebinkarahisar,40.2883,38.4236,49.75,52,100,6.85,TR,2022-04-18 00:11:08,overcast clouds
305,Norman Wells,65.282,-126.8329,21.36,71,79,5.84,CA,2022-04-18 00:11:08,broken clouds
306,Akyab,20.15,92.9,80.91,83,58,4.0,MM,2022-04-18 00:11:08,broken clouds
307,Kilrush,52.6397,-9.4833,44.35,79,27,8.48,IE,2022-04-18 00:11:09,scattered clouds
308,Faya,18.3851,42.4509,64.67,37,41,3.04,SA,2022-04-18 00:11:09,scattered clouds
309,Kroya,-7.6331,109.2461,80.26,85,96,3.29,ID,2022-04-18 00:11:10,overcast clouds
310,Kasempa,-13.4584,25.8338,61.97,97,5,4.63,ZM,2022-04-18 00:11:10,clear sky
311,Yumen,40.2833,97.2,42.19,28,0,5.17,CN,2022-04-18 00:11:10,clear sky
312,Anadyr,64.75,177.4833,32.5,86,75,24.61,RU,2022-04-18 00:06:14,light snow
313,Kisoro,-1.2854,29.685,56.1,97,80,3.89,UG,2022-04-18 00:11:11,broken clouds
314,Lodja,-3.4833,23.4333,69.98,93,68,1.74,CD,2022-04-18 00:11:11,broken clouds
315,Victoria,22.2855,114.1577,71.65,80,100,4.0,HK,2022-04-18 00:07:08,overcast clouds
316,Salcininkai,54.3,25.3833,34.84,75,9,7.11,LT,2022-04-18 00:11:12,clear sky
317,Bobcaygeon,44.5462,-78.542,39.15,58,91,9.57,CA,2022-04-18 00:11:12,overcast clouds
318,Nevsehir,38.9167,34.6667,54.61,33,75,12.66,TR,2022-04-18 00:11:13,broken clouds
319,Shimoda,34.6667,138.95,56.1,83,100,7.36,JP,2022-04-18 00:11:13,overcast clouds
320,Kangaatsiaq,68.3065,-53.4641,7.23,94,100,5.73,GL,2022-04-18 00:03:27,overcast clouds
321,Lazaro Cardenas,17.9583,-102.2,79.27,58,100,5.97,MX,2022-04-18 00:11:14,overcast clouds
322,Iracoubo,5.4802,-53.2011,77.25,87,33,10.63,GF,2022-04-18 00:11:14,scattered clouds
323,Salalah,17.0151,54.0924,82.49,83,75,3.44,OM,2022-04-18 00:11:14,broken clouds
324,Vargem Alta,-20.6714,-41.0069,61.68,94,73,1.59,BR,2022-04-18 00:11:15,broken clouds
325,Sayansk,54.1088,102.1648,46.54,66,92,3.18,RU,2022-04-18 00:11:15,overcast clouds
326,Kem,64.9555,34.5793,32.81,97,100,4.14,RU,2022-04-18 00:11:16,overcast clouds
327,Nuzvid,16.7833,80.85,78.69,81,34,1.34,IN,2022-04-18 00:12:16,scattered clouds
328,Bedesa,8.9,40.7833,64.13,72,89,1.63,ET,2022-04-18 00:12:17,overcast clouds
329,Yulara,-25.2406,130.9889,72.91,30,5,7.96,AU,2022-04-18 00:12:17,clear sky
330,Gangoh,29.7667,77.25,76.66,19,13,4.79,IN,2022-04-18 00:12:17,few clouds
331,Burns Lake,54.2331,-125.7533,44.87,33,46,2.57,CA,2022-04-18 00:12:18,scattered clouds
332,Anklam,53.8564,13.6897,39.06,83,16,2.01,DE,2022-04-18 00:12:18,few clouds
333,Gat,31.61,34.7642,86.68,12,12,19.64,IL,2022-04-18 00:12:19,few clouds
334,Springbok,-29.6643,17.8865,61.48,39,0,7.74,ZA,2022-04-18 00:12:19,clear sky
335,Jurm,36.8648,70.8342,59.02,42,62,2.82,AF,2022-04-18 00:12:19,broken clouds
336,Piacabucu,-10.4056,-36.4344,79.95,79,19,10.25,BR,2022-04-18 00:12:20,few clouds
337,Dir,35.2058,71.8756,62.98,39,47,7.27,PK,2022-04-18 00:12:20,scattered clouds
338,Mugan,35.9404,101.3842,33.69,56,26,3.71,CN,2022-04-18 00:12:20,scattered clouds
339,Darhan,49.4867,105.9228,48.02,34,49,11.12,MN,2022-04-18 00:12:21,scattered clouds
340,Aklavik,68.2191,-135.0107,21.07,77,95,13.44,CA,2022-04-18 00:12:21,overcast clouds
341,Poltava,49.5937,34.5407,36.9,88,99,6.4,UA,2022-04-18 00:12:22,overcast clouds
342,Chokurdakh,70.6333,147.9167,10.83,91,78,4.45,RU,2022-04-18 00:11:25,broken clouds
343,Bantry,51.6833,-9.45,44.78,85,35,5.73,IE,2022-04-18 00:12:22,scattered clouds
344,Vieques,18.425,-65.8329,79.11,73,20,12.66,PR,2022-04-18 00:12:23,smoke
345,Hualmay,-11.0964,-77.6139,66.67,83,14,11.34,PE,2022-04-18 00:12:23,few clouds
346,Fort Walton Beach,30.4058,-86.6188,73.99,92,100,13.0,US,2022-04-18 00:08:22,overcast clouds
347,Cassilandia,-19.1133,-51.7342,63.16,64,0,3.36,BR,2022-04-18 00:12:23,clear sky
348,Beringovskiy,63.05,179.3167,31.28,99,100,8.93,RU,2022-04-18 00:12:24,light snow
349,Bonthe,7.5264,-12.505,78.37,80,100,6.02,SL,2022-04-18 00:12:24,overcast clouds
350,La Brea,15.8,-85.9667,77.86,70,36,5.12,HN,2022-04-18 00:12:24,scattered clouds
351,Tautira,-17.7333,-149.15,81.32,72,21,12.41,PF,2022-04-18 00:12:25,light rain
352,Mezen,65.8522,44.24,31.77,98,100,8.7,RU,2022-04-18 00:12:25,light snow
353,Tornio,65.8481,24.1466,30.22,97,91,4.03,FI,2022-04-18 00:12:25,overcast clouds
354,Bang Saphan,11.2126,99.5117,79.07,86,99,1.9,TH,2022-04-18 00:12:26,overcast clouds
355,Peterhead,57.5058,-1.7981,46.8,90,100,17.87,GB,2022-04-18 00:12:26,overcast clouds
356,Manavalakurichi,8.1333,77.3,80.08,83,61,9.95,IN,2022-04-18 00:12:26,broken clouds
357,Kruisfontein,-34.0033,24.7314,59.88,84,50,4.9,ZA,2022-04-18 00:12:27,scattered clouds
358,Lima,-12.0432,-77.0282,63.39,28,20,4.61,PE,2022-04-18 00:12:27,few clouds
359,Cockburn Town,21.4612,-71.1419,77.99,85,43,21.39,TC,2022-04-18 00:12:28,scattered clouds
360,Pimentel,-6.8367,-79.9342,66.67,84,11,13.06,PE,2022-04-18 00:11:07,few clouds
361,Yarim,14.298,44.3779,58.62,49,33,0.54,YE,2022-04-18 00:12:28,scattered clouds
362,Grand Gaube,-20.0064,57.6608,75.38,91,11,3.0,MU,2022-04-18 00:12:03,few clouds
363,Port Shepstone,-30.7414,30.455,64.02,83,91,5.55,ZA,2022-04-18 00:12:29,overcast clouds
364,Chunoyar,57.4467,97.3217,41.79,89,100,7.96,RU,2022-04-18 00:12:29,overcast clouds
365,Waingapu,-9.6567,120.2641,81.64,80,91,5.06,ID,2022-04-18 00:12:29,overcast clouds
366,Manggar,-2.8833,108.2667,81.55,77,42,1.92,ID,2022-04-18 00:12:30,scattered clouds
367,Jinka,5.65,36.65,60.94,91,86,2.98,ET,2022-04-18 00:12:30,light rain
368,Great Yarmouth,52.6083,1.7305,51.94,82,77,12.41,GB,2022-04-18 00:12:30,broken clouds
369,Whitehorse,60.7161,-135.0538,31.01,50,100,2.24,CA,2022-04-18 00:12:30,overcast clouds
370,Leh,34.1667,77.5833,34.92,47,36,2.82,IN,2022-04-18 00:12:31,scattered clouds
371,Sistranda,63.7256,8.834,46.36,79,86,4.65,NO,2022-04-18 00:12:07,overcast clouds
372,Sisimiut,66.9395,-53.6735,18.81,79,100,5.03,GL,2022-04-18 00:12:31,overcast clouds
373,Palu,-0.8917,119.8707,82.38,77,83,2.13,ID,2022-04-18 00:12:32,broken clouds
374,Aksarka,66.5606,67.7975,14.97,89,89,8.77,RU,2022-04-18 00:13:32,overcast clouds
375,Shitanjing,39.2342,106.3439,41.11,46,1,5.14,CN,2022-04-18 00:10:59,clear sky
376,Roseburg,43.2165,-123.3417,57.18,53,0,4.61,US,2022-04-18 00:10:25,clear sky
377,Marathon,44.9,-89.7668,40.24,50,40,6.91,US,2022-04-18 00:13:32,scattered clouds
378,Tighina,46.8306,29.4711,39.97,63,100,11.68,MD,2022-04-18 00:13:33,overcast clouds
379,Benjamin Aceval,-24.9667,-57.5667,63.99,73,27,5.3,PY,2022-04-18 00:13:33,scattered clouds
380,Nalut,30.3333,10.85,59.61,38,0,6.53,LY,2022-04-18 00:13:34,clear sky
381,Shingu,33.7333,135.9833,62.47,83,100,6.58,JP,2022-04-18 00:13:34,overcast clouds
382,Caranavi,-15.8167,-67.55,59.99,90,68,1.43,BO,2022-04-18 00:13:34,broken clouds
383,Znamenskoye,57.1281,73.8282,30.7,90,36,1.95,RU,2022-04-18 00:13:35,scattered clouds
384,Clyde River,70.4692,-68.5914,-13.22,97,95,3.74,CA,2022-04-18 00:13:35,overcast clouds
385,Lazarev,52.225,141.5131,25.77,89,93,3.38,RU,2022-04-18 00:12:19,overcast clouds
386,Blankenberge,51.3131,3.1323,53.38,45,85,10.85,BE,2022-04-18 00:13:36,overcast clouds
387,Buzmeyin,38.0507,58.2056,54.12,74,100,8.63,TM,2022-04-18 00:13:36,overcast clouds
388,Miri,4.4148,114.0089,80.08,78,79,4.52,MY,2022-04-18 00:12:34,broken clouds
389,Ocampo,21.65,-101.5,83.37,8,75,8.9,MX,2022-04-18 00:13:37,broken clouds
390,Kalaleh,37.3807,55.4916,51.42,80,100,1.23,IR,2022-04-18 00:11:15,overcast clouds
391,Doha,25.2867,51.5333,78.78,22,0,11.5,QA,2022-04-18 00:13:37,clear sky
392,Stornoway,58.2093,-6.3865,48.16,94,75,9.22,GB,2022-04-18 00:13:37,broken clouds
393,Northam,51.0333,-4.2167,48.38,90,12,11.83,GB,2022-04-18 00:13:38,few clouds
394,Lucapa,-8.4192,20.7447,66.25,97,94,3.38,AO,2022-04-18 00:13:38,overcast clouds
395,Mareeba,-17.0,145.4333,79.66,73,93,5.23,AU,2022-04-18 00:13:39,overcast clouds
396,Kyzyl-Suu,42.3414,78.0056,49.75,37,32,7.02,KG,2022-04-18 00:13:39,scattered clouds
397,Ust-Kulom,61.6864,53.6902,25.68,93,85,4.05,RU,2022-04-18 00:13:39,overcast clouds
398,Mmabatho,-25.85,25.6333,58.5,86,97,1.81,ZA,2022-04-18 00:13:40,overcast clouds
399,Otradnoye,59.7775,30.8181,39.87,74,100,3.38,RU,2022-04-18 00:13:40,overcast clouds
400,Aksu,41.1231,80.2644,54.07,18,56,5.7,CN,2022-04-18 00:13:40,broken clouds
401,Maturin,9.75,-63.1767,79.16,60,98,10.27,VE,2022-04-18 00:13:41,overcast clouds
402,Port Macquarie,-31.4333,152.9167,74.89,68,13,4.09,AU,2022-04-18 00:11:15,few clouds
403,Hamilton,39.1834,-84.5333,49.32,49,0,12.66,US,2022-04-18 00:10:30,clear sky
404,Yabrud,33.9674,36.6574,61.29,18,57,7.0,SY,2022-04-18 00:13:42,broken clouds
405,Novikovo,51.1537,37.8879,46.65,96,100,7.11,RU,2022-04-18 00:13:42,overcast clouds
406,Lagoa,39.05,-27.9833,56.97,66,63,16.26,PT,2022-04-18 00:11:11,broken clouds
407,Kloulklubed,7.0419,134.2556,82.9,74,95,2.75,PW,2022-04-18 00:13:43,overcast clouds
408,Kapan,39.2075,46.4058,50.59,60,36,4.92,AM,2022-04-18 00:13:43,scattered clouds
409,Vanimo,-2.6741,141.3028,82.74,79,76,2.86,PG,2022-04-18 00:13:43,broken clouds
410,George Town,5.4112,100.3354,82.33,89,40,0.0,MY,2022-04-18 00:11:27,scattered clouds
411,Mount Gambier,-37.8333,140.7667,58.96,82,100,7.81,AU,2022-04-18 00:13:44,overcast clouds
412,Cidreira,-30.1811,-50.2056,67.35,73,98,11.12,BR,2022-04-18 00:13:44,overcast clouds
413,Ouegoa,-20.35,164.4333,79.92,58,98,1.39,NC,2022-04-18 00:13:44,overcast clouds
414,Saint George,37.1041,-113.5841,85.62,10,0,11.5,US,2022-04-18 00:13:45,clear sky
415,Vao,-22.6667,167.4833,76.98,71,32,5.37,NC,2022-04-18 00:13:45,scattered clouds
416,Aldan,58.6031,125.3894,24.94,87,100,14.23,RU,2022-04-18 00:12:16,light snow
417,Bambous Virieux,-20.3428,57.7575,75.22,87,30,11.05,MU,2022-04-18 00:13:46,light rain
418,Maragogi,-9.0122,-35.2225,78.78,81,81,8.7,BR,2022-04-18 00:13:46,broken clouds
419,Acajutla,13.5928,-89.8275,84.18,70,100,8.12,SV,2022-04-18 00:13:46,overcast clouds
420,Valdivia,-39.8142,-73.2459,50.11,89,98,2.08,CL,2022-04-18 00:10:59,overcast clouds
421,Honiara,-9.4333,159.95,86.11,66,74,8.25,SB,2022-04-18 00:10:34,broken clouds
422,Klaksvik,62.2266,-6.589,47.32,97,100,11.79,FO,2022-04-18 00:12:10,light rain
423,Ambilobe,-13.2,49.05,71.38,90,49,3.18,MG,2022-04-18 00:14:19,scattered clouds
424,Pangody,65.85,74.4859,9.37,96,99,9.04,RU,2022-04-18 00:14:47,overcast clouds
425,Dindori,22.95,81.0833,76.5,21,0,3.15,IN,2022-04-18 00:14:48,clear sky
426,Beneditinos,-5.45,-42.3667,74.08,95,87,1.45,BR,2022-04-18 00:14:48,moderate rain
427,Candido Mendes,-1.4467,-45.7167,75.15,93,91,2.57,BR,2022-04-18 00:14:48,overcast clouds
428,Tadine,-21.55,167.8833,78.91,70,100,0.96,NC,2022-04-18 00:12:43,overcast clouds
429,Ust-Tsilma,65.441,52.1498,32.22,98,100,4.07,RU,2022-04-18 00:14:49,overcast clouds
430,Morro Bay,35.3658,-120.8499,81.48,66,55,8.99,US,2022-04-18 00:14:49,broken clouds
431,Santa Cruz,-17.8,-63.1667,71.06,68,75,3.44,BO,2022-04-18 00:14:49,broken clouds
432,Ketchikan,55.3422,-131.6461,50.47,32,20,6.91,US,2022-04-18 00:11:03,few clouds
433,Benjamin Constant,-4.3831,-70.0311,77.13,98,67,1.72,BR,2022-04-18 00:14:50,broken clouds
434,Fairfield,41.2668,-73.3162,45.21,42,20,9.22,US,2022-04-18 00:11:33,few clouds
435,Khudumelapye,-23.8833,24.75,62.2,88,85,5.17,BW,2022-04-18 00:14:51,overcast clouds
436,Broome,42.2506,-75.833,37.78,53,0,6.91,US,2022-04-18 00:14:51,clear sky
437,Wiang Sa,8.6359,99.3666,82.29,90,76,1.5,TH,2022-04-18 00:14:51,broken clouds
438,Khilok,51.3674,110.4676,48.88,43,73,5.57,RU,2022-04-18 00:14:52,broken clouds
439,Salmas,38.1973,44.7653,47.89,43,75,3.44,IR,2022-04-18 00:14:52,broken clouds
440,Esna,25.2934,32.554,85.53,11,39,5.03,EG,2022-04-18 00:14:52,scattered clouds
441,Opuwo,-18.0607,13.84,70.88,38,50,3.22,NA,2022-04-18 00:14:25,scattered clouds
442,Svetlyy,54.675,20.1347,38.97,76,31,5.01,RU,2022-04-18 00:14:53,scattered clouds
443,Tiznit,29.5833,-9.5,72.86,23,100,1.34,MA,2022-04-18 00:14:53,overcast clouds
444,Vila Velha,-20.3297,-40.2925,75.15,81,75,11.5,BR,2022-04-18 00:14:54,broken clouds
445,Acarau,-2.8856,-40.12,78.28,86,90,6.91,BR,2022-04-18 00:14:54,overcast clouds
446,Prince Rupert,54.3161,-130.3201,46.98,52,19,5.1,CA,2022-04-18 00:14:54,few clouds
447,Smithers,54.7804,-127.1743,47.41,35,94,2.17,CA,2022-04-18 00:14:55,overcast clouds
448,Katsuura,35.1333,140.3,62.87,68,90,11.41,JP,2022-04-18 00:14:55,overcast clouds
449,Tual,-5.6667,132.75,84.36,71,96,8.41,ID,2022-04-18 00:14:56,overcast clouds
450,Cervo,43.6702,-7.4101,54.97,95,56,7.54,ES,2022-04-18 00:14:56,broken clouds
451,Puerto Quijarro,-17.7833,-57.7667,77.56,50,10,5.12,BO,2022-04-18 00:14:56,clear sky
452,Ornskoldsvik,63.2909,18.7153,31.15,100,96,4.61,SE,2022-04-18 00:14:57,overcast clouds
453,Yar-Sale,66.8333,70.8333,11.62,85,98,7.85,RU,2022-04-18 00:14:57,overcast clouds
454,Webuye,0.6075,34.7697,63.43,89,100,2.48,KE,2022-04-18 00:14:58,overcast clouds
455,Tateyama,34.9833,139.8667,65.1,70,91,11.07,JP,2022-04-18 00:14:58,overcast clouds
456,Ronneby,56.21,15.276,32.5,100,75,2.3,SE,2022-04-18 00:14:58,broken clouds
457,Narino,5.6089,-75.1766,62.94,99,100,0.34,CO,2022-04-18 00:14:59,overcast clouds
458,Fare,-16.7,-151.0167,81.0,73,17,10.36,PF,2022-04-18 00:14:59,light rain
459,Lavrentiya,65.5833,-171.0,31.05,97,100,14.67,RU,2022-04-18 00:13:39,snow
460,Bac Lieu,9.285,105.7244,82.94,75,86,11.9,VN,2022-04-18 00:14:59,overcast clouds
461,Amarkantak,22.6667,81.75,72.61,17,1,2.44,IN,2022-04-18 00:15:00,clear sky
462,Oruro,-17.9833,-67.15,45.09,36,6,3.44,BO,2022-04-18 00:15:00,clear sky
463,Kampong Thum,12.7111,104.8887,79.7,81,99,5.19,KH,2022-04-18 00:15:00,overcast clouds
464,Columbus,39.9612,-82.9988,48.33,42,20,10.36,US,2022-04-18 00:14:11,few clouds
465,Togul,53.465,85.9128,48.76,70,98,3.44,RU,2022-04-18 00:15:01,overcast clouds
466,Ullapool,57.8987,-5.1604,50.47,94,100,3.4,GB,2022-04-18 00:15:02,light rain
467,Tineo,43.3376,-6.4145,48.45,96,8,1.95,ES,2022-04-18 00:15:03,clear sky
468,Samana,19.2056,-69.3369,74.79,89,100,8.41,DO,2022-04-18 00:15:03,light rain
469,Bela Vista De Goias,-16.9728,-48.9533,74.55,71,100,4.76,BR,2022-04-18 00:15:04,overcast clouds
470,Zavitinsk,50.1167,129.45,40.46,50,53,5.12,RU,2022-04-18 00:16:05,broken clouds
471,Zonguldak,41.25,31.8333,46.02,97,99,4.21,TR,2022-04-18 00:16:05,overcast clouds
472,Maridi,4.9158,29.4742,72.07,72,69,3.47,SS,2022-04-18 00:16:06,broken clouds
473,Contai,21.7786,87.7536,79.18,90,46,8.75,IN,2022-04-18 00:16:06,scattered clouds
474,Jatiroto,-7.8833,111.1167,77.4,89,97,2.59,ID,2022-04-18 00:16:06,overcast clouds
475,Upington,-28.4478,21.2561,59.38,72,0,5.75,ZA,2022-04-18 00:16:07,clear sky
476,Sakti,22.0333,82.9667,77.43,22,3,5.37,IN,2022-04-18 00:16:07,clear sky
477,Chapais,49.7834,-74.8492,24.58,84,100,9.69,CA,2022-04-18 00:16:08,overcast clouds
478,Nanning,22.8167,108.3167,57.36,91,100,8.59,CN,2022-04-18 00:15:00,overcast clouds
479,Saint-Pierre,-21.3393,55.4781,73.29,86,100,3.44,RE,2022-04-18 00:16:08,overcast clouds
480,Chernaya Kholunitsa,58.8511,51.7154,23.58,95,47,1.9,RU,2022-04-18 00:16:09,scattered clouds
481,Oranjemund,-28.55,16.4333,59.58,72,0,4.27,NA,2022-04-18 00:11:41,clear sky
482,Fairview,40.8126,-73.999,46.54,38,0,16.11,US,2022-04-18 00:15:07,clear sky
483,Buala,-8.145,159.5921,83.75,74,85,9.22,SB,2022-04-18 00:16:09,moderate rain
484,Cabo San Lucas,22.8909,-109.9124,88.9,50,52,9.04,MX,2022-04-18 00:13:38,broken clouds
485,Urcos,-13.6861,-71.6228,62.49,83,26,4.25,PE,2022-04-18 00:16:10,scattered clouds
486,Guerrero Negro,27.9769,-114.0611,65.05,65,85,19.04,MX,2022-04-18 00:16:10,overcast clouds
487,Silver City,32.7701,-108.2803,80.56,5,0,14.0,US,2022-04-18 00:14:36,clear sky
488,Tiruchchirappalli,10.8167,78.6833,75.31,83,20,6.91,IN,2022-04-18 00:16:10,mist
489,Port-Gentil,-0.7193,8.7815,81.03,82,100,8.16,GA,2022-04-18 00:16:11,light rain
490,Marystown,47.1666,-55.1483,43.9,99,100,13.0,CA,2022-04-18 00:16:11,overcast clouds
491,Samarai,-10.6167,150.6667,82.56,78,100,10.58,PG,2022-04-18 00:13:40,overcast clouds
492,Maningrida,-12.0667,134.2667,81.1,69,100,10.63,AU,2022-04-18 00:16:12,overcast clouds
493,Tulsipur,28.131,82.2973,72.23,21,4,6.76,NP,2022-04-18 00:16:12,clear sky
494,Guaraniacu,-25.1008,-52.8781,55.44,86,38,1.86,BR,2022-04-18 00:16:12,scattered clouds
495,Puerto Del Rosario,28.5004,-13.8627,69.55,73,0,9.22,ES,2022-04-18 00:16:13,clear sky
496,Cap-Aux-Meules,47.3821,-61.8597,35.65,93,75,24.16,CA,2022-04-18 00:13:01,broken clouds
497,Alofi,-19.0595,-169.9187,85.89,70,92,9.22,NU,2022-04-18 00:16:13,overcast clouds
498,Catamarca,-28.4696,-65.7852,62.58,70,18,10.02,AR,2022-04-18 00:16:13,few clouds
499,Hoshcha,50.6003,26.6744,31.05,72,29,5.06,UA,2022-04-18 00:16:14,scattered clouds
500,Chakwal,32.9334,72.8585,75.45,23,14,5.97,PK,2022-04-18 00:16:14,few clouds
501,Pisco,-13.7,-76.2167,65.01,82,0,14.97,PE,2022-04-18 00:16:15,clear sky
502,Paternion,46.7142,13.6361,41.45,73,5,3.53,AT,2022-04-18 00:16:15,clear sky
503,Phan Thiet,10.9333,108.1,79.41,79,69,9.46,VN,2022-04-18 00:16:15,broken clouds
504,Richards Bay,-28.783,32.0377,63.48,94,100,3.83,ZA,2022-04-18 00:16:15,light rain
505,Zhigansk,66.7697,123.3711,28.58,79,100,29.26,RU,2022-04-18 00:12:12,overcast clouds
506,Thinadhoo,0.5333,72.9333,83.43,70,99,10.04,MV,2022-04-18 00:16:16,overcast clouds
507,North Bend,43.4065,-124.2243,55.92,78,40,8.05,US,2022-04-18 00:16:16,scattered clouds
508,Mercedes,-34.6515,-59.4307,63.64,66,100,6.78,AR,2022-04-18 00:12:04,overcast clouds
509,Mae Hong Son,19.3003,97.9685,78.04,64,42,0.69,TH,2022-04-18 00:12:54,scattered clouds
510,Ca Mau,9.1769,105.15,82.22,75,39,6.69,VN,2022-04-18 00:15:55,scattered clouds
511,Praia Da Vitoria,38.7333,-27.0667,59.25,77,40,14.92,PT,2022-04-18 00:17:17,scattered clouds
512,Monte Patria,-30.6919,-70.9467,67.98,51,1,1.05,CL,2022-04-18 00:17:18,clear sky
513,Nuuk,64.1835,-51.7216,23.88,85,100,4.0,GL,2022-04-18 00:17:18,overcast clouds
514,Fortuna,40.5982,-124.1573,59.94,50,0,8.05,US,2022-04-18 00:15:34,clear sky
515,Pangnirtung,66.1451,-65.7125,-4.23,100,100,6.2,CA,2022-04-18 00:17:19,overcast clouds
516,Edea,3.8,10.1333,75.47,98,96,0.96,CM,2022-04-18 00:17:19,overcast clouds
517,Fallon,39.4735,-118.7774,73.27,7,20,6.91,US,2022-04-18 00:12:40,few clouds
518,Atar,20.5169,-13.0499,85.42,12,88,3.87,MR,2022-04-18 00:13:11,overcast clouds
519,Nhulunbuy,-12.2333,136.7667,77.61,94,100,10.36,AU,2022-04-18 00:17:20,moderate rain
520,Mayo,38.8876,-76.5119,52.09,43,0,8.05,US,2022-04-18 00:17:20,clear sky
521,Erzin,36.9559,36.2,64.69,34,99,6.62,TR,2022-04-18 00:17:20,overcast clouds
522,Manuk Mangkaw,4.8,119.85,82.04,77,86,8.77,PH,2022-04-18 00:17:21,overcast clouds
523,Khromtau,50.2503,58.4347,45.84,63,36,4.76,KZ,2022-04-18 00:17:21,scattered clouds
524,Jiuquan,39.7432,98.5174,44.15,28,0,1.19,CN,2022-04-18 00:17:21,clear sky
525,Puerto Escondido,15.85,-97.0667,85.03,74,0,5.75,MX,2022-04-18 00:17:22,clear sky
526,Biak,-0.9131,122.8766,80.74,69,75,1.77,ID,2022-04-18 00:13:23,broken clouds
527,Zhanaozen,43.3,52.8,55.42,50,0,4.76,KZ,2022-04-18 00:17:23,clear sky
528,San Antonio,29.4241,-98.4936,88.84,65,40,5.75,US,2022-04-18 00:16:16,scattered clouds
529,Tocopilla,-22.092,-70.1979,63.84,77,22,5.48,CL,2022-04-18 00:17:23,few clouds
530,Batagay,67.6333,134.6333,17.29,82,44,6.11,RU,2022-04-18 00:17:24,scattered clouds
531,Ossora,59.2353,163.0719,29.34,75,28,1.3,RU,2022-04-18 00:17:24,scattered clouds
532,Jefferson City,38.5767,-92.1735,41.9,78,100,8.41,US,2022-04-18 00:15:26,overcast clouds
533,Pacific Grove,36.6177,-121.9166,67.39,71,0,11.5,US,2022-04-18 00:17:24,clear sky
534,Cadillac,44.2519,-85.4012,40.91,36,0,6.91,US,2022-04-18 00:15:32,clear sky
535,Wisconsin Rapids,44.3836,-89.8174,41.29,53,75,10.36,US,2022-04-18 00:17:25,broken clouds
536,Altamira,-3.2033,-52.2064,73.36,97,97,2.21,BR,2022-04-18 00:17:25,moderate rain
537,Zhanakorgan,43.9098,67.2495,66.31,38,100,13.44,KZ,2022-04-18 00:17:26,overcast clouds
538,Yarke Pole,45.608,34.3172,45.97,94,100,11.27,UA,2022-04-18 00:17:26,light rain
539,Flinders,-34.5833,150.8552,73.26,69,81,7.0,AU,2022-04-18 00:17:27,broken clouds
540,Nenjiang,49.1833,125.2167,41.2,34,75,7.27,CN,2022-04-18 00:17:27,broken clouds
541,Agadir,30.4202,-9.5982,68.45,42,100,1.03,MA,2022-04-18 00:14:10,overcast clouds
542,Avdon,54.6667,55.7167,38.52,93,100,4.47,RU,2022-04-18 00:17:27,light rain
543,Kongolo,-5.3833,27.0,69.64,96,7,3.69,CD,2022-04-18 00:17:28,clear sky
544,Olga,43.7444,135.2892,49.46,39,86,8.08,RU,2022-04-18 00:17:28,overcast clouds
545,Nichinan,31.6,131.3667,62.28,57,100,2.28,JP,2022-04-18 00:17:28,overcast clouds
546,Kimparana,12.8347,-4.9244,86.74,23,99,3.27,ML,2022-04-18 00:17:29,overcast clouds
547,Sechura,-5.5569,-80.8222,71.46,67,14,16.67,PE,2022-04-18 00:17:29,few clouds
548,Constantine,36.365,6.6147,45.81,81,0,5.75,DZ,2022-04-18 00:17:30,clear sky
549,Anloga,5.7947,0.8973,82.63,80,99,11.5,GH,2022-04-18 00:17:30,light rain
550,Ballina,-28.8667,153.5667,73.02,85,70,5.48,AU,2022-04-18 00:17:30,broken clouds
551,Resistencia,-27.4606,-58.9839,66.25,88,0,2.3,AR,2022-04-18 00:17:31,light rain
552,Gonen,40.1049,27.654,54.01,56,100,9.84,TR,2022-04-18 00:17:31,overcast clouds
553,Sampit,-2.5333,112.95,78.75,82,99,2.24,ID,2022-04-18 00:17:32,overcast clouds
554,Chernyshevskiy,63.0128,112.4714,29.5,83,95,15.03,RU,2022-04-18 00:17:32,overcast clouds
555,Mozhaysk,55.5019,36.0272,28.92,85,47,6.8,RU,2022-04-18 00:17:33,scattered clouds
556,Monrovia,6.3005,-10.7969,78.75,82,100,3.56,LR,2022-04-18 00:17:33,overcast clouds
557,Aguimes,27.9054,-15.4461,75.83,31,65,11.99,ES,2022-04-18 00:18:34,broken clouds
558,The Valley,18.217,-63.0578,79.11,78,39,24.05,AI,2022-04-18 00:18:34,scattered clouds
559,Carman,49.4992,-98.0016,26.94,93,100,11.5,CA,2022-04-18 00:18:34,snow
560,Malanje,-9.5402,16.341,64.85,96,100,2.55,AO,2022-04-18 00:18:35,overcast clouds
561,Tecoanapa,16.5167,-98.75,83.61,55,36,9.1,MX,2022-04-18 00:18:35,scattered clouds
562,Oistins,13.0667,-59.5333,78.89,73,75,18.41,BB,2022-04-18 00:18:35,broken clouds
563,Methoni,36.8197,21.7049,58.21,86,77,3.78,GR,2022-04-18 00:18:36,light rain
564,Yambio,4.5721,28.3955,69.93,79,95,1.25,SS,2022-04-18 00:18:36,overcast clouds
565,Qeshm,26.9581,56.2719,77.05,68,0,4.27,IR,2022-04-18 00:15:10,clear sky
566,Roald,62.5833,6.1333,48.76,87,100,3.44,NO,2022-04-18 00:18:37,overcast clouds
567,Sibolga,1.7427,98.7792,75.69,94,100,3.89,ID,2022-04-18 00:18:37,overcast clouds
568,Korla,41.7597,86.1469,54.28,17,1,7.94,CN,2022-04-18 00:18:37,clear sky
569,Kreminna,49.0495,38.2179,51.22,79,100,2.93,UA,2022-04-18 00:18:38,overcast clouds
570,Umm Kaddadah,13.6017,26.6876,84.78,16,24,9.73,SD,2022-04-18 00:15:30,few clouds
571,Micheweni,-4.9667,39.8333,79.18,85,56,10.54,TZ,2022-04-18 00:18:38,light rain
572,Pemangkat,1.1667,108.9667,79.66,85,73,7.0,ID,2022-04-18 00:18:39,broken clouds
573,Knyaze-Volkonskoye,48.4642,135.4567,34.14,90,99,4.74,RU,2022-04-18 00:18:39,overcast clouds
574,Dalbandin,28.8947,64.4101,75.58,26,17,5.14,PK,2022-04-18 00:18:39,few clouds
575,Kupang,-10.1667,123.5833,81.25,77,99,3.09,ID,2022-04-18 00:18:40,overcast clouds
576,Worcester,42.3334,-71.8328,42.85,52,0,8.05,US,2022-04-18 00:17:16,clear sky
577,Bilibino,68.0546,166.4372,22.14,83,98,0.92,RU,2022-04-18 00:18:40,overcast clouds
578,Itacoatiara,-3.1431,-58.4442,75.58,94,100,0.51,BR,2022-04-18 00:18:40,overcast clouds
579,Borazjan,29.2666,51.2159,67.55,25,0,0.94,IR,2022-04-18 00:18:41,clear sky
580,Blackwater,-23.5833,148.8833,76.01,46,0,9.37,AU,2022-04-18 00:18:41,clear sky
581,Helong,42.5397,128.9972,46.38,40,100,5.53,CN,2022-04-18 00:18:41,overcast clouds
582,Nabire,-3.3667,135.4833,80.8,86,90,0.98,ID,2022-04-18 00:18:42,overcast clouds
583,Ushtobe,45.2514,77.9838,59.97,23,67,7.09,KZ,2022-04-18 00:18:42,broken clouds
584,Vanavara,60.34,102.2797,35.47,74,96,11.52,RU,2022-04-18 00:18:42,overcast clouds
585,Dwarka,22.2394,68.9678,79.47,76,7,10.94,IN,2022-04-18 00:18:43,clear sky
586,Tipuani,-15.5648,-68.0185,66.83,89,72,0.67,BO,2022-04-18 00:18:43,broken clouds
587,Zhangye,38.9342,100.4517,45.27,30,2,6.02,CN,2022-04-18 00:18:44,clear sky
588,Nybro,56.7446,15.9071,34.05,76,42,2.95,SE,2022-04-18 00:18:44,scattered clouds
589,Bundaberg,-24.85,152.35,80.22,58,31,11.5,AU,2022-04-18 00:18:44,scattered clouds
590,Pristina,42.6727,21.1669,36.77,84,100,12.66,XK,2022-04-18 00:14:45,overcast clouds
591,Verkhnyaya Inta,65.9811,60.3094,26.89,94,81,13.29,RU,2022-04-18 00:18:45,broken clouds
592,San Juan De Los Morros,9.9115,-67.3538,74.59,80,100,3.96,VE,2022-04-18 00:18:45,overcast clouds
593,Skibbereen,51.55,-9.2667,45.1,80,35,8.99,IE,2022-04-18 00:18:45,scattered clouds
594,Marienburg,54.0359,19.0266,33.89,78,32,3.89,PL,2022-04-18 00:18:46,scattered clouds
595,Brae,60.3964,-1.353,46.31,79,98,19.75,GB,2022-04-18 00:18:46,overcast clouds
596,Lobito,-12.3481,13.5456,77.11,88,100,2.19,AO,2022-04-18 00:18:46,overcast clouds
597,Popondetta,-8.7537,148.2534,88.63,57,99,2.55,PG,2022-04-18 00:18:47,overcast clouds
598,Laguna,38.421,-121.4238,74.95,24,0,10.36,US,2022-04-18 00:15:24,clear sky
599,Camana,-16.6228,-72.7111,66.88,80,59,6.49,PE,2022-04-18 00:18:47,broken clouds
600,The Pas,53.8251,-101.2541,32.02,37,40,5.75,CA,2022-04-18 00:18:48,scattered clouds
601,Avera,33.194,-82.5271,71.65,67,100,1.54,US,2022-04-18 00:18:48,overcast clouds
602,Carballo,43.213,-8.691,56.75,94,96,7.43,ES,2022-04-18 00:18:49,overcast clouds
603,Coquimbo,-29.9533,-71.3436,59.7,80,6,1.52,CL,2022-04-18 00:16:03,clear sky
604,Laizhou,37.1717,119.9214,58.42,40,100,5.61,CN,2022-04-18 00:19:49,overcast clouds
605,Yining,29.0361,114.5636,52.21,92,100,1.63,CN,2022-04-18 00:19:49,overcast clouds
606,Hollister,36.8525,-121.4016,72.73,43,0,17.27,US,2022-04-18 00:19:50,clear sky
607,Riberalta,-10.9833,-66.1,71.76,86,42,4.05,BO,2022-04-18 00:19:50,scattered clouds
608,Nueva Germania,-23.9,-56.5667,67.68,61,70,3.18,PY,2022-04-18 00:19:51,broken clouds
609,Litovko,49.2361,135.1742,36.41,79,100,4.63,RU,2022-04-18 00:15:06,overcast clouds
610,Ocean City,39.2776,-74.5746,48.22,42,43,7.0,US,2022-04-18 00:19:51,scattered clouds
611,Lasa,46.6166,10.7002,43.68,74,5,2.48,IT,2022-04-18 00:19:52,clear sky
612,Touros,-5.1989,-35.4608,80.29,78,87,8.7,BR,2022-04-18 00:19:52,overcast clouds
613,Namatanai,-3.6667,152.4333,85.37,66,94,11.32,PG,2022-04-18 00:19:52,overcast clouds
614,Vihari,30.0333,72.35,82.18,13,74,6.91,PK,2022-04-18 00:19:53,broken clouds
615,Ulaangom,49.9811,92.0667,42.26,33,3,2.35,MN,2022-04-18 00:19:53,clear sky
616,Inyonga,-6.7167,32.0667,62.56,95,9,3.65,TZ,2022-04-18 00:19:53,clear sky
617,Aldama,22.9167,-98.0667,78.37,67,13,10.49,MX,2022-04-18 00:16:31,few clouds
618,Iranshahr,27.2025,60.6848,77.34,31,6,0.0,IR,2022-04-18 00:19:54,clear sky
619,Riviere-Au-Renard,48.9957,-64.3971,37.69,87,100,21.03,CA,2022-04-18 00:19:54,overcast clouds
620,Predivinsk,57.0669,93.4378,43.93,90,100,6.73,RU,2022-04-18 00:19:54,overcast clouds
621,Inverness,57.4791,-4.224,55.31,75,75,5.75,GB,2022-04-18 00:18:38,light rain
622,Vilhena,-12.7406,-60.1458,68.54,95,53,3.27,BR,2022-04-18 00:19:55,broken clouds
623,Sembe,1.6481,14.5806,70.68,98,100,1.48,CG,2022-04-18 00:19:55,light rain
624,San Vicente,-26.6167,-54.1333,55.67,85,5,1.99,AR,2022-04-18 00:19:56,clear sky
625,Tamandare,-8.7597,-35.1047,78.73,82,68,8.14,BR,2022-04-18 00:19:56,broken clouds
626,Jos,9.9167,8.9,66.67,87,100,4.27,NG,2022-04-18 00:19:56,moderate rain
627,Taree,-31.9,152.4667,74.1,78,12,2.3,AU,2022-04-18 00:19:57,few clouds
628,Natal,-5.795,-35.2094,80.82,89,20,6.91,BR,2022-04-18 00:19:56,few clouds
629,College,64.8569,-147.8028,40.98,25,0,5.75,US,2022-04-18 00:19:57,clear sky
630,Alamosa,37.4695,-105.87,64.38,11,0,18.41,US,2022-04-18 00:19:58,clear sky
631,Plastun,44.7561,136.2939,48.6,37,88,6.06,RU,2022-04-18 00:19:58,overcast clouds
632,Severobaykalsk,55.65,109.3167,34.65,100,100,1.23,RU,2022-04-18 00:19:59,overcast clouds
633,Ambagarh Chauki,20.7833,80.7167,79.07,48,3,10.49,IN,2022-04-18 00:19:59,clear sky
634,Maues,-3.3836,-57.7186,74.17,97,99,1.66,BR,2022-04-18 00:18:48,overcast clouds
635,Goderich,43.7501,-81.7165,36.91,64,21,9.22,CA,2022-04-18 00:15:26,few clouds
636,Pontianak,-0.0333,109.3333,76.98,94,40,5.75,ID,2022-04-18 00:15:11,light rain
637,Bell Ville,-32.6259,-62.6887,60.06,64,1,7.92,AR,2022-04-18 00:20:00,clear sky
638,Rybnaya Sloboda,55.4613,50.1409,34.59,98,100,5.55,RU,2022-04-18 00:20:00,light snow
639,Itaqui,-29.1253,-56.5531,60.93,80,37,7.09,BR,2022-04-18 00:20:01,scattered clouds
640,Itarema,-2.9248,-39.9167,77.31,88,91,5.88,BR,2022-04-18 00:20:02,moderate rain
641,Katangli,51.7102,143.2326,29.34,89,99,6.8,RU,2022-04-18 00:20:02,overcast clouds
642,Buenaventura,3.8801,-77.0312,75.11,96,100,2.77,CO,2022-04-18 00:20:04,light rain
643,Point Fortin,10.1833,-61.6833,79.86,75,66,14.0,TT,2022-04-18 00:20:04,broken clouds
644,Kiama,-34.6833,150.8667,73.45,69,81,5.46,AU,2022-04-18 00:20:05,broken clouds
645,Wukari,7.85,9.7833,80.96,73,100,5.88,NG,2022-04-18 00:20:06,light rain
646,Jinchang,38.4953,102.1739,41.25,40,25,2.95,CN,2022-04-18 00:20:06,scattered clouds
647,Tchibanga,-2.85,11.0333,72.18,98,100,1.03,GA,2022-04-18 00:20:06,light rain
648,Rio Gallegos,-51.6226,-69.2181,46.45,87,100,13.8,AR,2022-04-18 00:19:50,moderate rain
649,Bossangoa,6.4926,17.4552,75.11,76,87,10.04,CF,2022-04-18 00:21:07,light rain
650,Santa Cruz De La Palma,28.6835,-17.7642,73.54,43,100,14.97,ES,2022-04-18 00:21:07,overcast clouds
651,Luang Prabang,19.8856,102.1347,73.11,91,24,1.41,LA,2022-04-18 00:21:07,light rain
652,Saint-Augustin,51.226,-58.6502,35.76,99,100,15.39,CA,2022-04-18 00:21:08,overcast clouds
653,Sinnamary,5.3833,-52.95,77.34,87,48,10.78,GF,2022-04-18 00:21:08,scattered clouds
654,Merauke,-8.4667,140.3333,80.42,84,93,4.97,ID,2022-04-18 00:21:08,heavy intensity rain
655,Stralsund,54.3091,13.0818,42.06,71,10,3.69,DE,2022-04-18 00:21:09,clear sky
656,Shu,43.5983,73.7614,57.78,46,42,6.93,KZ,2022-04-18 00:21:09,scattered clouds
657,Zlitan,32.4674,14.5687,60.57,72,1,10.22,LY,2022-04-18 00:21:10,clear sky
658,Khorixas,-20.3667,14.9667,69.17,37,10,2.89,NA,2022-04-18 00:21:10,clear sky
659,Magadan,59.5667,150.8,25.92,70,100,1.83,RU,2022-04-18 00:21:10,overcast clouds
660,Martinsicuro,42.8811,13.9145,47.12,99,91,15.35,IT,2022-04-18 00:21:11,overcast clouds
661,Sinop,41.7711,34.8709,56.62,52,97,10.04,TR,2022-04-18 00:21:11,overcast clouds
662,Svay Rieng,11.0879,105.7993,81.07,76,98,7.07,KH,2022-04-18 00:21:11,overcast clouds
663,Yerbogachen,61.2767,108.0108,35.06,75,91,14.18,RU,2022-04-18 00:21:12,overcast clouds
664,Wanning,18.8003,110.3967,77.45,86,60,4.99,CN,2022-04-18 00:21:12,broken clouds
665,Fairbanks,64.8378,-147.7164,41.0,25,0,5.75,US,2022-04-18 00:20:33,clear sky
666,Yeppoon,-23.1333,150.7333,78.58,66,48,12.57,AU,2022-04-18 00:21:12,scattered clouds
667,Jackson,42.4165,-122.8345,62.74,47,0,4.61,US,2022-04-18 00:21:13,clear sky
668,Gornyy,55.1153,83.9059,38.41,94,46,6.62,RU,2022-04-18 00:21:13,scattered clouds
669,Prabumulih,-3.45,104.25,75.24,97,81,1.48,ID,2022-04-18 00:21:13,broken clouds
670,Roma,43.2128,-75.4557,39.96,57,0,8.05,US,2022-04-18 00:21:14,clear sky
671,Havre,49.5833,0.3333,48.6,93,100,14.97,FR,2022-04-18 00:21:14,fog
672,Asadabad,34.7824,48.1185,46.06,46,0,5.32,IR,2022-04-18 00:21:14,clear sky
673,Karwar,14.8,74.1333,78.49,85,15,4.76,IN,2022-04-18 00:21:15,few clouds
674,Walvis Bay,-22.9575,14.5053,63.84,68,5,5.86,NA,2022-04-18 00:16:57,clear sky
675,Marau,-28.4492,-52.2,56.21,91,59,3.67,BR,2022-04-18 00:21:15,broken clouds
676,Fort Nelson,58.8053,-122.7002,20.79,45,75,3.44,CA,2022-04-18 00:21:15,broken clouds
677,Csaszartoltes,46.4219,19.1836,36.16,64,2,7.45,HU,2022-04-18 00:21:16,clear sky
678,Chicama,-7.8447,-79.1469,63.14,76,5,7.92,PE,2022-04-18 00:21:16,clear sky
679,Hobyo,5.3505,48.5268,82.67,78,57,16.84,SO,2022-04-18 00:21:16,broken clouds
680,Otjiwarongo,-20.4637,16.6477,67.77,55,75,4.38,NA,2022-04-18 00:21:17,broken clouds
681,Saint-Joseph,-21.3667,55.6167,72.21,86,30,9.04,RE,2022-04-18 00:21:17,light rain
682,Sawakin,19.1059,37.3321,80.73,38,2,3.02,SD,2022-04-18 00:21:18,clear sky
683,Plouzane,48.3833,-4.6167,50.32,93,75,5.75,FR,2022-04-18 00:21:18,mist
684,Xuanhua,40.6103,115.0447,52.66,53,34,4.12,CN,2022-04-18 00:21:18,scattered clouds
685,Saint-Paul,-21.0096,55.2707,75.29,83,6,3.67,RE,2022-04-18 00:21:19,clear sky
686,Venezuela,8.0,-66.0,88.21,46,98,11.1,VE,2022-04-18 00:21:19,overcast clouds
687,Alihe,50.5667,123.7167,38.64,47,100,7.81,CN,2022-04-18 00:21:19,overcast clouds
688,Arkhara,49.4212,130.0842,39.2,58,17,3.89,RU,2022-04-18 00:21:20,few clouds
689,Bhimunipatnam,17.8833,83.4333,81.91,77,54,7.85,IN,2022-04-18 00:21:20,broken clouds
690,Pindushi,62.9152,34.58,34.52,99,100,3.11,RU,2022-04-18 00:21:21,overcast clouds
691,Tebingtinggi,3.3285,99.1625,76.39,92,99,3.83,ID,2022-04-18 00:21:21,overcast clouds
692,Isabela,6.7085,121.9711,86.05,80,100,9.46,PH,2022-04-18 00:21:21,overcast clouds
693,Sangar,63.9242,127.4739,25.25,83,100,19.37,RU,2022-04-18 00:21:22,overcast clouds
694,Vernon,50.2581,-119.2691,57.24,22,61,4.0,CA,2022-04-18 00:21:17,broken clouds
695,Nyimba,-14.5566,30.8149,65.41,90,24,3.31,ZM,2022-04-18 00:21:22,few clouds
696,Becsehely,46.4476,16.7771,39.85,65,43,6.85,HU,2022-04-18 00:22:22,scattered clouds
697,Gimli,50.6336,-96.9907,24.82,93,100,9.22,CA,2022-04-18 00:22:23,overcast clouds
698,Ziro,27.6333,93.8333,47.14,97,84,0.67,IN,2022-04-18 00:18:06,broken clouds
699,Maniitsoq,65.4167,-52.9,23.11,84,100,1.43,GL,2022-04-18 00:19:37,overcast clouds
700,Calvinia,-31.4707,19.776,61.09,45,1,5.26,ZA,2022-04-18 00:22:23,clear sky
701,Guapore,-28.8456,-51.8903,60.71,90,94,2.37,BR,2022-04-18 00:22:24,overcast clouds
702,Te Anau,-45.4167,167.7167,60.53,57,25,3.78,NZ,2022-04-18 00:22:24,scattered clouds
